-- MySQL dump 10.13  Distrib 8.0.22, for Win64 (x86_64)
--
-- Host: localhost    Database: vk
-- ------------------------------------------------------
-- Server version	8.0.22

/*!40101 SET @OLD_CHARACTER_SET_CLIENT=@@CHARACTER_SET_CLIENT */;
/*!40101 SET @OLD_CHARACTER_SET_RESULTS=@@CHARACTER_SET_RESULTS */;
/*!40101 SET @OLD_COLLATION_CONNECTION=@@COLLATION_CONNECTION */;
/*!50503 SET NAMES utf8 */;
/*!40103 SET @OLD_TIME_ZONE=@@TIME_ZONE */;
/*!40103 SET TIME_ZONE='+00:00' */;
/*!40014 SET @OLD_UNIQUE_CHECKS=@@UNIQUE_CHECKS, UNIQUE_CHECKS=0 */;
/*!40014 SET @OLD_FOREIGN_KEY_CHECKS=@@FOREIGN_KEY_CHECKS, FOREIGN_KEY_CHECKS=0 */;
/*!40101 SET @OLD_SQL_MODE=@@SQL_MODE, SQL_MODE='NO_AUTO_VALUE_ON_ZERO' */;
/*!40111 SET @OLD_SQL_NOTES=@@SQL_NOTES, SQL_NOTES=0 */;

--
-- Table structure for table `communities`
--

DROP TABLE IF EXISTS `communities`;
/*!40101 SET @saved_cs_client     = @@character_set_client */;
/*!50503 SET character_set_client = utf8mb4 */;
CREATE TABLE `communities` (
  `id` int unsigned NOT NULL AUTO_INCREMENT,
  `name` varchar(45) CHARACTER SET utf8mb4 COLLATE utf8mb4_unicode_ci NOT NULL,
  `desc` varchar(245) CHARACTER SET utf8mb4 COLLATE utf8mb4_unicode_ci DEFAULT NULL,
  `admin_id` int unsigned NOT NULL,
  PRIMARY KEY (`id`),
  KEY `fk_communities_users1_idx` (`admin_id`),
  CONSTRAINT `fk_communities_users1` FOREIGN KEY (`admin_id`) REFERENCES `users` (`id`)
) ENGINE=InnoDB AUTO_INCREMENT=11 DEFAULT CHARSET=utf8mb4 COLLATE=utf8mb4_unicode_ci;
/*!40101 SET character_set_client = @saved_cs_client */;

--
-- Dumping data for table `communities`
--

LOCK TABLES `communities` WRITE;
/*!40000 ALTER TABLE `communities` DISABLE KEYS */;
INSERT INTO `communities` VALUES (1,'minima',NULL,75),(2,'consequatur',NULL,45),(3,'accusantium',NULL,62),(4,'laboriosam',NULL,80),(5,'ea','Temporibus numquam possimus accusamus quo in.',81),(6,'facilis',NULL,91),(7,'dicta',NULL,100),(8,'qui',NULL,71),(9,'pariatur',NULL,76),(10,'assumenda','Beatae magni labore dolor eveniet placeat inventore qui.',26);
/*!40000 ALTER TABLE `communities` ENABLE KEYS */;
UNLOCK TABLES;

--
-- Table structure for table `friend_requests`
--

DROP TABLE IF EXISTS `friend_requests`;
/*!40101 SET @saved_cs_client     = @@character_set_client */;
/*!50503 SET character_set_client = utf8mb4 */;
CREATE TABLE `friend_requests` (
  `from_users_id` int unsigned NOT NULL,
  `to_users_id` int unsigned NOT NULL,
  `status` tinyint(1) NOT NULL DEFAULT '0' COMMENT '-1 - отклонен\n0 - запрос\n1 - принят',
  `created_at` datetime NOT NULL DEFAULT CURRENT_TIMESTAMP,
  `updated_at` datetime DEFAULT NULL ON UPDATE CURRENT_TIMESTAMP,
  PRIMARY KEY (`from_users_id`,`to_users_id`),
  KEY `fk_friend_requests_users1_idx` (`from_users_id`),
  KEY `fk_friend_requests_users2_idx` (`to_users_id`),
  CONSTRAINT `fk_friend_requests_users1` FOREIGN KEY (`from_users_id`) REFERENCES `users` (`id`),
  CONSTRAINT `fk_friend_requests_users2` FOREIGN KEY (`to_users_id`) REFERENCES `users` (`id`)
) ENGINE=InnoDB DEFAULT CHARSET=utf8mb4 COLLATE=utf8mb4_unicode_ci;
/*!40101 SET character_set_client = @saved_cs_client */;

--
-- Dumping data for table `friend_requests`
--

LOCK TABLES `friend_requests` WRITE;
/*!40000 ALTER TABLE `friend_requests` DISABLE KEYS */;
INSERT INTO `friend_requests` VALUES (1,99,1,'1976-01-31 23:57:10',NULL),(3,77,1,'1974-08-23 23:09:00','1988-09-11 00:04:54'),(4,82,1,'2011-01-27 16:54:07',NULL),(4,87,1,'1975-01-24 15:06:30','1985-04-15 01:04:11'),(4,96,1,'1982-12-11 21:25:12',NULL),(6,30,-1,'1992-09-04 12:47:55',NULL),(7,27,1,'1989-03-25 22:48:12',NULL),(8,71,0,'2003-03-29 03:50:49','2001-02-02 13:30:53'),(8,86,-1,'2018-06-02 03:53:46','2010-06-20 09:43:03'),(9,59,0,'1978-08-22 23:07:29','2004-08-28 17:31:11'),(17,32,1,'2009-11-14 20:06:42',NULL),(19,23,0,'1984-02-20 09:16:25',NULL),(20,1,1,'2016-02-03 07:04:52',NULL),(21,50,1,'2005-08-01 19:04:57','1999-11-20 03:30:43'),(22,52,0,'2007-12-22 08:05:53','2012-05-22 07:32:10'),(22,61,0,'1985-10-11 02:56:05','2007-10-24 22:14:07'),(22,65,0,'1985-02-23 11:48:37','2014-05-26 03:23:17'),(24,68,0,'1999-01-15 12:25:30','2015-01-10 11:54:47'),(24,92,-1,'1976-08-17 16:26:40',NULL),(27,14,-1,'1974-08-10 06:05:35',NULL),(27,43,-1,'1976-12-15 18:15:34','2017-01-03 04:36:44'),(29,79,1,'1972-05-29 00:04:25',NULL),(31,11,0,'1980-11-03 23:33:29',NULL),(31,75,-1,'2004-01-03 18:20:26',NULL),(32,73,0,'2000-02-27 03:52:08','2005-08-09 15:52:01'),(33,88,-1,'2007-03-28 10:44:23','2011-09-03 00:51:55'),(34,28,1,'1976-12-18 23:08:27','2006-05-09 14:39:30'),(36,67,0,'2018-01-21 10:57:36',NULL),(37,36,1,'1970-02-04 15:53:15',NULL),(37,62,0,'1981-10-25 03:17:45','2008-03-01 09:28:36'),(37,97,0,'2012-07-16 17:50:10','2007-02-27 03:13:53'),(39,1,1,'1971-03-22 09:05:05',NULL),(39,10,-1,'1972-11-18 15:26:51',NULL),(39,13,1,'1982-10-04 03:41:54','2005-02-20 09:08:47'),(39,19,-1,'1990-08-17 05:50:06','1981-12-04 16:25:44'),(39,66,-1,'1979-06-25 13:05:24',NULL),(40,57,1,'1971-03-21 21:17:33','1993-06-01 19:19:31'),(41,25,-1,'2010-02-28 16:52:32','1978-06-22 22:44:04'),(41,91,0,'2002-03-17 14:41:33',NULL),(42,30,-1,'1989-08-01 03:07:32',NULL),(43,39,1,'2017-07-26 20:46:20',NULL),(44,28,0,'1975-01-30 15:31:03','1993-02-28 03:00:30'),(44,53,0,'1995-08-11 14:24:18',NULL),(46,88,-1,'2006-03-04 13:51:51',NULL),(47,73,-1,'1977-12-07 17:04:25',NULL),(47,94,-1,'2005-03-03 13:53:43',NULL),(48,86,-1,'2008-02-24 21:38:32',NULL),(50,95,-1,'1975-11-05 22:48:32',NULL),(51,55,0,'2007-01-24 15:44:01',NULL),(52,92,1,'2000-05-29 11:50:45',NULL),(55,29,0,'1990-08-19 05:25:07','1983-12-26 01:51:11'),(56,2,-1,'2009-07-12 02:21:47',NULL),(57,72,1,'1990-11-17 12:49:10',NULL),(57,75,-1,'2000-09-05 21:20:52',NULL),(59,22,1,'2019-08-26 15:35:51','1986-06-12 06:22:27'),(61,21,-1,'1993-10-13 19:56:42',NULL),(61,24,-1,'2020-12-28 16:29:57','1988-04-09 23:43:24'),(62,76,1,'1978-09-29 02:20:58','1982-03-30 03:43:01'),(62,80,-1,'1988-08-16 03:38:22','1972-08-27 05:21:51'),(62,86,1,'2018-10-07 04:03:54','2005-07-18 02:27:14'),(64,69,0,'1972-10-31 19:21:59','1989-07-18 17:15:39'),(65,88,1,'1984-05-17 15:08:50',NULL),(68,34,-1,'1979-06-15 14:50:01',NULL),(69,40,1,'2008-08-07 01:44:28',NULL),(70,68,1,'1973-05-07 09:44:00','1974-08-13 16:26:19'),(70,77,1,'1995-01-29 23:07:46',NULL),(70,90,1,'1973-07-06 01:41:20','1983-11-22 09:39:22'),(71,75,-1,'1984-06-23 14:52:40','1981-09-14 12:06:29'),(71,82,1,'1997-03-27 23:08:57',NULL),(72,55,0,'1972-04-29 17:01:18','1972-10-15 08:18:23'),(74,83,0,'1970-01-18 02:02:14',NULL),(76,37,0,'1973-07-09 23:25:08','1997-09-13 21:54:30'),(76,42,1,'2019-04-22 02:17:53','1974-06-01 11:12:51'),(76,70,0,'1996-12-02 13:18:07',NULL),(76,89,-1,'1973-04-14 06:46:08','2004-03-22 14:01:26'),(77,59,-1,'2018-10-06 13:19:39','2006-04-18 06:50:31'),(80,12,-1,'1980-09-05 06:46:47',NULL),(82,51,0,'1988-06-05 10:53:47','2015-06-27 13:20:46'),(82,61,1,'1996-07-22 20:10:20','1982-02-25 20:07:02'),(83,1,-1,'1983-10-25 06:31:10','2000-05-24 00:37:42'),(84,79,0,'2020-03-28 09:55:52','1970-10-02 03:42:26'),(84,97,0,'1978-09-09 18:21:18',NULL),(85,2,0,'1999-06-18 16:33:12',NULL),(86,46,0,'1993-07-24 15:51:57',NULL),(88,9,0,'1995-12-01 09:11:40',NULL),(88,39,1,'2019-01-18 00:11:15',NULL),(90,33,-1,'1983-10-03 01:04:53','2016-12-19 01:02:42'),(90,76,1,'1999-02-18 10:56:48','1972-07-20 00:09:11'),(90,95,1,'1993-02-09 02:33:53',NULL),(92,76,1,'2011-07-26 04:23:19','2004-08-25 08:20:21'),(93,91,-1,'1979-05-08 13:32:28','1982-10-24 05:08:06'),(95,21,-1,'2008-08-12 20:14:11',NULL),(96,68,-1,'1989-03-31 15:33:35',NULL),(97,39,-1,'1972-03-03 01:59:16','2012-12-05 00:05:52'),(99,8,1,'2020-05-01 16:04:54','1992-04-08 15:27:34'),(99,55,0,'2015-10-21 13:14:58',NULL),(99,89,1,'1981-01-29 15:31:45','2010-11-10 14:42:42'),(100,9,0,'1975-04-08 08:26:20',NULL),(100,88,0,'1978-06-09 06:04:02','1975-02-18 20:48:34');
/*!40000 ALTER TABLE `friend_requests` ENABLE KEYS */;
UNLOCK TABLES;

--
-- Table structure for table `likes`
--

DROP TABLE IF EXISTS `likes`;
/*!40101 SET @saved_cs_client     = @@character_set_client */;
/*!50503 SET character_set_client = utf8mb4 */;
CREATE TABLE `likes` (
  `id` int NOT NULL,
  `users_id` int unsigned DEFAULT NULL,
  `posts_id` int unsigned DEFAULT NULL,
  `messages_id` int unsigned DEFAULT NULL,
  `media_id` int unsigned DEFAULT NULL,
  `created_at` datetime NOT NULL DEFAULT CURRENT_TIMESTAMP,
  PRIMARY KEY (`id`),
  UNIQUE KEY `users_media` (`users_id`,`media_id`),
  UNIQUE KEY `users_messages` (`users_id`,`messages_id`),
  UNIQUE KEY `users_posts` (`users_id`,`posts_id`),
  KEY `fk_likes_users1_idx` (`users_id`),
  KEY `fk_likes_posts1_idx` (`posts_id`),
  KEY `fk_likes_messages1_idx` (`messages_id`),
  KEY `fk_likes_media1_idx` (`media_id`),
  CONSTRAINT `fk_likes_media1` FOREIGN KEY (`media_id`) REFERENCES `media` (`id`),
  CONSTRAINT `fk_likes_messages1` FOREIGN KEY (`messages_id`) REFERENCES `messages` (`id`),
  CONSTRAINT `fk_likes_posts1` FOREIGN KEY (`posts_id`) REFERENCES `posts` (`id`),
  CONSTRAINT `fk_likes_users1` FOREIGN KEY (`users_id`) REFERENCES `users` (`id`)
) ENGINE=InnoDB DEFAULT CHARSET=utf8mb4 COLLATE=utf8mb4_unicode_ci;
/*!40101 SET character_set_client = @saved_cs_client */;

--
-- Dumping data for table `likes`
--

LOCK TABLES `likes` WRITE;
/*!40000 ALTER TABLE `likes` DISABLE KEYS */;
INSERT INTO `likes` VALUES (1,97,NULL,60,NULL,'1991-07-11 01:54:42'),(2,84,NULL,NULL,27,'1975-06-13 15:16:56'),(3,69,25,NULL,NULL,'2019-09-28 17:35:15'),(4,89,NULL,42,NULL,'2012-05-27 21:52:42'),(5,42,NULL,NULL,39,'2008-04-24 17:47:41'),(6,56,99,NULL,NULL,'2005-04-30 09:07:28'),(7,44,NULL,34,NULL,'2005-07-05 13:41:11'),(8,62,NULL,NULL,68,'1998-03-21 14:57:42'),(9,97,15,NULL,NULL,'1979-02-08 08:50:44'),(10,84,NULL,29,NULL,'2016-11-24 01:48:20'),(11,23,NULL,NULL,40,'2010-08-29 16:53:45'),(12,7,16,NULL,NULL,'2015-04-08 20:58:41'),(13,45,NULL,21,NULL,'2012-09-12 23:39:00'),(14,5,NULL,NULL,77,'2020-10-05 16:23:54'),(15,37,65,NULL,NULL,'1971-06-01 10:16:44'),(16,68,NULL,67,NULL,'2009-09-06 20:04:21'),(17,1,NULL,NULL,68,'1982-08-09 06:56:30'),(18,59,85,NULL,NULL,'1994-04-09 18:50:20'),(19,83,NULL,29,NULL,'1984-05-18 06:48:57'),(20,44,NULL,NULL,11,'1998-12-27 16:26:40'),(21,81,54,NULL,NULL,'1991-07-05 02:38:01'),(22,45,NULL,18,NULL,'2002-09-12 21:41:48'),(23,25,NULL,NULL,69,'2000-12-05 18:22:02'),(24,9,5,NULL,NULL,'2001-03-28 15:10:22'),(25,34,NULL,85,NULL,'1984-06-26 17:06:24'),(26,61,NULL,NULL,67,'2017-03-22 05:31:38'),(27,6,97,NULL,NULL,'1978-03-12 10:41:44'),(28,35,NULL,9,NULL,'2005-05-12 09:58:38'),(29,83,NULL,NULL,48,'1983-10-04 22:58:01'),(30,76,10,NULL,NULL,'1989-12-21 20:10:28'),(31,86,NULL,91,NULL,'1984-03-01 10:30:37'),(32,35,NULL,NULL,66,'1987-01-25 03:05:29'),(33,25,55,NULL,NULL,'1997-04-18 15:10:17'),(34,2,NULL,47,NULL,'1983-10-17 19:08:58'),(35,66,NULL,NULL,2,'1995-12-16 09:23:12'),(36,51,10,NULL,NULL,'1986-11-17 17:24:16'),(37,67,NULL,26,NULL,'2016-04-07 00:17:41'),(38,68,NULL,NULL,17,'1978-09-25 01:56:56'),(39,4,82,NULL,NULL,'1972-07-06 02:40:13'),(40,1,NULL,97,NULL,'1999-08-12 21:02:53'),(41,74,NULL,NULL,17,'2005-05-25 08:48:50'),(42,81,52,NULL,NULL,'2015-09-17 23:33:02'),(43,32,NULL,70,NULL,'2000-03-13 15:30:11'),(44,29,NULL,NULL,91,'1983-02-09 12:45:37'),(45,5,87,NULL,NULL,'2010-03-03 01:43:10'),(46,63,NULL,68,NULL,'1972-05-05 20:20:00'),(47,73,NULL,NULL,35,'2011-12-30 19:14:15'),(49,99,NULL,15,NULL,'2003-12-01 21:28:49'),(50,7,NULL,NULL,22,'1999-01-15 05:28:29'),(51,43,99,NULL,NULL,'1978-02-16 03:28:38'),(52,33,NULL,76,NULL,'1984-07-11 04:16:51'),(53,24,NULL,NULL,78,'1984-06-19 11:33:25'),(54,9,80,NULL,NULL,'2012-07-23 04:14:45'),(55,75,NULL,42,NULL,'2008-04-06 09:03:05'),(56,72,NULL,NULL,74,'2003-05-26 12:52:40'),(57,59,44,NULL,NULL,'2008-01-26 04:04:42'),(58,78,NULL,86,NULL,'1988-12-14 18:32:54'),(59,51,NULL,NULL,25,'2006-08-21 15:57:44'),(60,12,81,NULL,NULL,'2008-08-16 20:20:59'),(61,82,NULL,25,NULL,'1977-11-11 21:54:09'),(62,80,NULL,NULL,85,'2010-01-20 13:13:40'),(63,100,24,NULL,NULL,'1992-01-25 22:10:09'),(64,37,NULL,96,NULL,'1992-04-19 11:53:47'),(65,26,NULL,NULL,3,'2002-08-28 00:27:17'),(66,41,52,NULL,NULL,'2020-01-07 14:45:08'),(67,47,NULL,63,NULL,'2010-03-07 16:46:10'),(68,2,NULL,NULL,6,'2013-09-28 01:06:51'),(69,68,1,NULL,NULL,'1981-01-07 07:58:47'),(70,65,NULL,3,NULL,'1992-05-25 21:01:38'),(71,2,NULL,NULL,76,'1976-06-27 14:51:17'),(72,19,38,NULL,NULL,'1990-07-18 05:31:40'),(73,98,NULL,94,NULL,'2008-04-06 02:20:50'),(74,54,NULL,NULL,99,'2018-02-21 09:21:13'),(75,9,32,NULL,NULL,'1970-09-18 11:40:43'),(76,38,NULL,36,NULL,'2019-12-02 03:05:21'),(77,5,NULL,NULL,36,'1984-09-28 18:05:27'),(78,44,82,NULL,NULL,'1996-06-17 15:53:23'),(79,5,NULL,50,NULL,'1975-08-11 04:13:53'),(80,48,NULL,NULL,46,'2003-05-26 16:58:27'),(81,100,8,NULL,NULL,'1976-05-06 22:43:16'),(82,44,NULL,85,NULL,'1979-10-09 21:58:11'),(83,55,NULL,NULL,80,'2010-11-19 04:22:40'),(85,75,NULL,91,NULL,'1978-07-27 10:25:57'),(86,63,NULL,NULL,62,'1976-03-07 09:44:06'),(87,17,77,NULL,NULL,'1997-07-16 02:00:56'),(88,16,NULL,31,NULL,'2013-04-03 01:27:16'),(89,74,NULL,NULL,15,'1995-07-13 14:51:30'),(90,16,79,NULL,NULL,'2016-10-19 20:48:07'),(91,74,NULL,60,NULL,'2021-01-27 11:53:32'),(92,65,NULL,NULL,98,'1971-12-17 19:12:23'),(93,25,68,NULL,NULL,'2010-01-14 23:42:37'),(94,52,NULL,16,NULL,'1987-04-20 11:29:26'),(95,86,NULL,NULL,23,'1972-09-08 02:01:31'),(96,10,63,NULL,NULL,'1999-02-07 02:51:40'),(97,63,NULL,81,NULL,'2007-11-30 17:22:25'),(98,49,NULL,NULL,54,'2009-06-28 20:51:13'),(99,17,53,NULL,NULL,'2007-12-07 22:47:43'),(100,41,NULL,31,NULL,'2013-05-29 21:38:21');
/*!40000 ALTER TABLE `likes` ENABLE KEYS */;
UNLOCK TABLES;

--
-- Table structure for table `media`
--

DROP TABLE IF EXISTS `media`;
/*!40101 SET @saved_cs_client     = @@character_set_client */;
/*!50503 SET character_set_client = utf8mb4 */;
CREATE TABLE `media` (
  `id` int unsigned NOT NULL,
  `media_types_id` int unsigned NOT NULL,
  `users_id` int unsigned DEFAULT NULL,
  `file` varchar(45) CHARACTER SET utf8mb4 COLLATE utf8mb4_unicode_ci DEFAULT NULL COMMENT '/folder/file.jpg\n',
  `blob` blob,
  `metadata` longtext CHARACTER SET utf8mb4 COLLATE utf8mb4_bin,
  `created_at` datetime NOT NULL DEFAULT CURRENT_TIMESTAMP,
  `updated_at` datetime DEFAULT NULL,
  PRIMARY KEY (`id`),
  KEY `fk_media_media_types1_idx` (`media_types_id`),
  KEY `fk_media_users1_idx` (`users_id`),
  CONSTRAINT `fk_media_media_types1` FOREIGN KEY (`media_types_id`) REFERENCES `media_types` (`id`),
  CONSTRAINT `fk_media_users1` FOREIGN KEY (`users_id`) REFERENCES `users` (`id`),
  CONSTRAINT `media_chk_1` CHECK (json_valid(`metadata`))
) ENGINE=InnoDB DEFAULT CHARSET=utf8mb4 COLLATE=utf8mb4_unicode_ci;
/*!40101 SET character_set_client = @saved_cs_client */;

--
-- Dumping data for table `media`
--

LOCK TABLES `media` WRITE;
/*!40000 ALTER TABLE `media` DISABLE KEYS */;
INSERT INTO `media` VALUES (1,3,93,'application/vnd.oasis.opendocument.chart-temp',NULL,NULL,'1996-09-24 10:13:08','1971-03-04 09:13:18'),(2,1,86,'application/x-sv4crc',NULL,NULL,'2002-11-15 22:11:04',NULL),(3,1,8,'audio/webm',NULL,NULL,'1980-12-21 09:54:02',NULL),(4,2,71,'application/pgp-encrypted',NULL,NULL,'1991-05-24 06:24:37','1991-03-21 12:49:51'),(5,1,33,'application/x-font-woff',NULL,NULL,'1979-02-21 20:30:36',NULL),(6,1,7,'image/png',NULL,NULL,'1998-08-29 06:00:28','2018-07-07 08:49:18'),(7,2,3,'audio/x-flac',NULL,NULL,'1982-02-11 01:53:00',NULL),(8,3,42,'application/x-glulx',NULL,NULL,'1972-02-20 16:48:37',NULL),(9,2,67,'application/vnd.ms-ims',NULL,NULL,'2012-10-13 21:17:32',NULL),(10,1,14,'application/x-iso9660-image',NULL,NULL,'2005-11-23 02:46:06','1988-03-15 10:43:08'),(11,1,87,'application/xcap-diff+xml',NULL,NULL,'1977-03-12 09:56:14',NULL),(12,3,37,'text/troff',NULL,NULL,'2004-06-24 17:57:37','1982-10-14 09:22:35'),(13,1,72,'text/vnd.curl.mcurl',NULL,NULL,'1981-08-26 21:45:53','2006-10-05 03:41:45'),(14,1,70,'image/x-tga',NULL,NULL,'1979-05-20 21:54:36',NULL),(15,1,63,'text/vnd.fly',NULL,NULL,'1994-12-28 19:57:19','1984-06-29 22:38:18'),(16,1,41,'application/x-ms-wmz',NULL,NULL,'2005-09-26 14:11:53',NULL),(17,3,74,'text/x-java-source',NULL,NULL,'1971-03-20 09:49:15',NULL),(18,2,13,'text/x-java-source',NULL,NULL,'2014-09-24 23:40:53','1990-02-11 15:02:37'),(19,3,48,'image/vnd.fpx',NULL,NULL,'2012-12-15 07:46:39',NULL),(20,3,78,'model/vnd.dwf',NULL,NULL,'1983-11-29 09:51:30',NULL),(21,3,35,'image/x-portable-pixmap',NULL,NULL,'2011-05-27 04:36:24','1997-05-24 22:47:39'),(22,2,91,'text/x-java-source',NULL,NULL,'2012-05-21 16:33:09',NULL),(23,2,60,'application/vnd.dvb.service',NULL,NULL,'1974-12-18 08:05:37',NULL),(24,3,57,'application/vnd.oasis.opendocument.text-templ',NULL,NULL,'2001-03-13 00:01:18','1979-12-22 02:41:16'),(25,2,90,'application/x-ms-wmz',NULL,NULL,'2020-05-22 06:29:45','1997-12-02 22:51:32'),(26,1,43,'application/vnd.ms-excel.addin.macroenabled.1',NULL,NULL,'2000-09-29 19:59:27',NULL),(27,2,6,'application/x-subrip',NULL,NULL,'2012-04-09 19:56:41','1977-11-22 11:50:47'),(28,1,12,'audio/webm',NULL,NULL,'2016-10-08 18:35:33','2004-06-05 14:32:55'),(29,2,49,'application/vnd.ms-works',NULL,NULL,'1988-08-29 06:09:42',NULL),(30,3,56,'application/vnd.kde.kchart',NULL,NULL,'2005-08-21 13:15:16','2017-10-01 04:05:07'),(31,2,3,'application/vnd.openxmlformats-officedocument',NULL,NULL,'1980-05-08 06:31:47','1996-12-04 07:26:47'),(32,2,97,'image/vnd.xiff',NULL,NULL,'1999-05-10 10:53:24','1972-01-20 01:28:49'),(33,3,52,'application/vnd.fdf',NULL,NULL,'2004-10-05 10:21:48',NULL),(34,1,19,'application/vnd.ms-excel.sheet.binary.macroen',NULL,NULL,'1978-03-08 23:48:01',NULL),(35,2,2,'application/x-x509-ca-cert',NULL,NULL,'2001-07-20 17:01:07','2012-07-07 09:17:55'),(36,2,22,'application/vnd.oasis.opendocument.formula',NULL,NULL,'1992-09-16 05:43:28','2020-09-17 08:56:45'),(37,2,77,'text/html',NULL,NULL,'1997-04-09 11:52:32',NULL),(38,2,49,'application/vnd.ahead.space',NULL,NULL,'1991-03-06 20:03:16','1972-06-29 18:05:44'),(39,1,96,'application/vnd.stepmania.stepchart',NULL,NULL,'1984-07-29 12:50:21',NULL),(40,1,37,'text/x-sfv',NULL,NULL,'2011-11-27 12:05:40','2017-12-22 13:12:15'),(41,1,69,'application/mathml+xml',NULL,NULL,'1984-11-19 19:58:21',NULL),(42,2,46,'audio/x-pn-realaudio',NULL,NULL,'1976-03-17 22:00:21',NULL),(43,2,26,'application/vnd.oasis.opendocument.graphics-t',NULL,NULL,'2009-06-04 03:25:30','1970-07-13 01:11:56'),(44,2,6,'application/vnd.mseq',NULL,NULL,'1971-02-05 15:21:26',NULL),(45,3,44,'application/x-zmachine',NULL,NULL,'2016-09-29 07:09:56',NULL),(46,1,21,'text/vnd.in3d.spot',NULL,NULL,'1996-06-20 21:17:52',NULL),(47,3,65,'application/x-zmachine',NULL,NULL,'1986-07-16 00:06:08',NULL),(48,2,87,'application/vnd.dece.ttml+xml',NULL,NULL,'1984-10-25 23:09:24','1973-06-08 07:24:57'),(49,1,25,'video/x-flv',NULL,NULL,'1989-10-31 23:56:31',NULL),(50,1,84,'video/mj2',NULL,NULL,'1972-12-26 17:09:39','1972-01-20 21:34:54'),(51,1,33,'image/vnd.wap.wbmp',NULL,NULL,'1973-12-19 06:41:28','2009-01-24 20:45:01'),(52,1,6,'application/vnd.dece.unspecified',NULL,NULL,'1996-03-05 07:55:35','2012-12-05 01:59:01'),(53,3,34,'image/x-icon',NULL,NULL,'1986-10-27 01:01:03',NULL),(54,1,48,'application/vnd.sun.xml.writer',NULL,NULL,'1977-08-07 03:48:32',NULL),(55,1,14,'text/vnd.dvb.subtitle',NULL,NULL,'1995-01-20 06:29:34',NULL),(56,3,86,'text/prs.lines.tag',NULL,NULL,'2019-06-13 12:55:57','2009-12-18 09:53:15'),(57,2,76,'image/vnd.djvu',NULL,NULL,'1976-10-08 20:43:16','1994-02-21 06:42:26'),(58,1,34,'video/vnd.fvt',NULL,NULL,'2016-06-29 03:51:45',NULL),(59,1,57,'image/prs.btif',NULL,NULL,'1978-04-28 19:38:07','1976-12-24 18:56:23'),(60,3,71,'application/vnd.trueapp',NULL,NULL,'1980-02-15 19:27:32',NULL),(61,1,36,'image/vnd.adobe.photoshop',NULL,NULL,'1984-04-13 16:55:33','1999-09-06 16:36:26'),(62,1,24,'image/vnd.fastbidsheet',NULL,NULL,'1978-02-09 06:51:25','1971-05-15 02:54:28'),(63,3,82,'video/3gpp2',NULL,NULL,'2008-10-30 11:47:31','2017-10-10 16:19:04'),(64,1,59,'video/3gpp2',NULL,NULL,'1994-04-15 14:39:51','2003-09-21 21:28:17'),(65,3,50,'application/reginfo+xml',NULL,NULL,'2011-08-08 07:18:10','2009-06-07 15:11:34'),(66,1,14,'text/x-uuencode',NULL,NULL,'2001-02-01 15:46:09',NULL),(67,3,20,'video/vnd.dece.pd',NULL,NULL,'1987-08-03 02:23:25',NULL),(68,3,34,'application/vnd.openxmlformats-officedocument',NULL,NULL,'1999-03-26 11:26:10','1982-02-20 00:20:22'),(69,1,76,'application/vnd.kde.kivio',NULL,NULL,'2000-01-13 03:26:26','1997-02-13 05:37:56'),(70,1,3,'application/vnd.lotus-organizer',NULL,NULL,'1991-03-28 13:35:37',NULL),(71,2,34,'application/vnd.ufdl',NULL,NULL,'1987-02-07 05:35:33','1981-02-24 21:49:15'),(72,2,44,'application/vnd.pvi.ptid1',NULL,NULL,'2010-03-02 20:54:17','2020-03-22 18:32:04'),(73,1,26,'text/x-asm',NULL,NULL,'2017-08-06 07:58:29',NULL),(74,1,6,'application/vnd.seemail',NULL,NULL,'2005-11-17 08:02:11','2007-09-05 07:23:30'),(75,3,60,'application/vnd.sun.xml.calc',NULL,NULL,'1994-02-11 12:11:24','1992-03-29 02:03:32'),(76,2,41,'application/x-font-type1',NULL,NULL,'1986-09-06 14:44:48','2017-01-08 14:00:03'),(77,2,67,'application/vnd.openofficeorg.extension',NULL,NULL,'2013-04-29 21:32:19','2009-05-03 02:30:01'),(78,2,52,'image/x-xwindowdump',NULL,NULL,'1971-05-17 22:53:44',NULL),(79,2,32,'application/vnd.oasis.opendocument.presentati',NULL,NULL,'2005-04-30 13:47:45',NULL),(80,1,62,'application/vnd.pvi.ptid1',NULL,NULL,'1973-01-02 11:33:46',NULL),(81,1,11,'application/vnd.igloader',NULL,NULL,'2009-08-03 05:40:42','1996-12-16 08:39:07'),(82,3,100,'application/vnd.oasis.opendocument.presentati',NULL,NULL,'1976-04-23 00:59:23',NULL),(83,3,98,'application/vnd.llamagraphics.life-balance.ex',NULL,NULL,'1986-10-24 18:29:27',NULL),(84,1,46,'application/vnd.ibm.secure-container',NULL,NULL,'2005-09-08 16:09:18','1986-04-25 16:35:29'),(85,2,81,'application/emma+xml',NULL,NULL,'1973-11-21 16:46:54','1983-01-12 04:22:33'),(86,3,44,'image/vnd.dvb.subtitle',NULL,NULL,'1986-02-24 21:44:07',NULL),(87,1,11,'application/vnd.oasis.opendocument.presentati',NULL,NULL,'2003-06-25 18:11:18',NULL),(88,2,39,'video/vnd.dece.video',NULL,NULL,'1998-10-21 15:09:31',NULL),(89,1,76,'application/vnd.openxmlformats-officedocument',NULL,NULL,'2016-08-22 06:35:47',NULL),(90,2,20,'model/vrml',NULL,NULL,'2002-04-15 02:55:24','1971-02-22 07:00:39'),(91,1,8,'application/mp4',NULL,NULL,'1998-12-23 02:47:01','2016-11-16 18:26:04'),(92,2,28,'image/x-mrsid-image',NULL,NULL,'2004-03-10 15:23:24',NULL),(93,3,67,'application/x-gramps-xml',NULL,NULL,'2018-04-05 18:36:58',NULL),(94,3,63,'image/x-cmu-raster',NULL,NULL,'1987-11-14 13:36:19',NULL),(95,3,5,'image/x-xbitmap',NULL,NULL,'2016-01-20 01:08:04','1970-03-04 00:18:15'),(96,2,96,'application/x-font-woff',NULL,NULL,'1998-09-16 23:48:59',NULL),(97,2,67,'application/vnd.unity',NULL,NULL,'1978-09-19 10:00:17','1996-03-24 07:50:21'),(98,1,85,'audio/ogg',NULL,NULL,'1974-10-22 02:44:53','1982-03-01 17:40:34'),(99,1,28,'application/vnd.lotus-approach',NULL,NULL,'1990-11-25 03:50:25','1988-09-23 12:47:00'),(100,2,75,'application/ecmascript',NULL,NULL,'2005-07-22 14:12:32','1984-04-12 12:40:45');
/*!40000 ALTER TABLE `media` ENABLE KEYS */;
UNLOCK TABLES;

--
-- Table structure for table `media_types`
--

DROP TABLE IF EXISTS `media_types`;
/*!40101 SET @saved_cs_client     = @@character_set_client */;
/*!50503 SET character_set_client = utf8mb4 */;
CREATE TABLE `media_types` (
  `id` int unsigned NOT NULL AUTO_INCREMENT,
  `name` varchar(45) CHARACTER SET utf8mb4 COLLATE utf8mb4_unicode_ci NOT NULL,
  PRIMARY KEY (`id`)
) ENGINE=InnoDB AUTO_INCREMENT=4 DEFAULT CHARSET=utf8mb4 COLLATE=utf8mb4_unicode_ci;
/*!40101 SET character_set_client = @saved_cs_client */;

--
-- Dumping data for table `media_types`
--

LOCK TABLES `media_types` WRITE;
/*!40000 ALTER TABLE `media_types` DISABLE KEYS */;
INSERT INTO `media_types` VALUES (1,'img'),(2,'video'),(3,'audio');
/*!40000 ALTER TABLE `media_types` ENABLE KEYS */;
UNLOCK TABLES;

--
-- Table structure for table `messages`
--

DROP TABLE IF EXISTS `messages`;
/*!40101 SET @saved_cs_client     = @@character_set_client */;
/*!50503 SET character_set_client = utf8mb4 */;
CREATE TABLE `messages` (
  `id` int unsigned NOT NULL AUTO_INCREMENT,
  `from_users_id` int unsigned NOT NULL,
  `to_users_id` int unsigned NOT NULL,
  `text` text CHARACTER SET utf8mb4 COLLATE utf8mb4_unicode_ci,
  `created_at` datetime NOT NULL DEFAULT CURRENT_TIMESTAMP,
  `read_at` datetime DEFAULT NULL,
  `media_id` int unsigned DEFAULT NULL,
  PRIMARY KEY (`id`),
  KEY `fk_messages_users1_idx` (`from_users_id`),
  KEY `fk_messages_users2_idx` (`to_users_id`),
  KEY `fk_messages_media1_idx` (`media_id`),
  CONSTRAINT `fk_messages_media1` FOREIGN KEY (`media_id`) REFERENCES `media` (`id`),
  CONSTRAINT `fk_messages_users1` FOREIGN KEY (`from_users_id`) REFERENCES `users` (`id`),
  CONSTRAINT `fk_messages_users2` FOREIGN KEY (`to_users_id`) REFERENCES `users` (`id`)
) ENGINE=InnoDB AUTO_INCREMENT=101 DEFAULT CHARSET=utf8mb4 COLLATE=utf8mb4_unicode_ci;
/*!40101 SET character_set_client = @saved_cs_client */;

--
-- Dumping data for table `messages`
--

LOCK TABLES `messages` WRITE;
/*!40000 ALTER TABLE `messages` DISABLE KEYS */;
INSERT INTO `messages` VALUES (1,22,61,'Optio quod et culpa praesentium.','1985-06-20 06:21:05','2002-06-05 18:21:01',21),(2,34,9,'Dolorem necessitatibus est et nihil.','1970-07-28 04:36:09','1998-08-24 02:11:52',NULL),(3,100,28,'Voluptas maiores a ab et recusandae.','1979-05-13 10:12:16',NULL,13),(4,49,28,'Nulla sed pariatur unde laboriosam molestias incidunt quo.','2016-11-17 05:48:19','1998-08-21 08:49:09',NULL),(5,33,76,'Et corporis neque quia voluptas.','2005-10-19 11:13:43',NULL,96),(6,25,77,'Voluptas ad doloribus quo quasi.','1984-10-15 20:16:13','1986-04-09 12:11:54',NULL),(7,48,15,'Minima quia voluptatum et voluptatibus.','2010-10-04 08:56:13','1980-05-19 14:27:29',21),(8,8,87,'Aut consequuntur voluptate et cumque voluptas.','2002-09-11 01:03:35',NULL,NULL),(9,44,17,'Similique modi rerum ut perferendis.','1976-09-16 11:10:24',NULL,19),(10,74,96,'Est sint tempora eius voluptatum quis commodi.','1975-07-08 01:47:20',NULL,NULL),(11,33,18,'Sit ut ut ipsa hic sunt fugiat est.','2011-08-29 14:03:59','2002-08-25 23:02:09',78),(12,53,51,'Atque modi culpa ex et velit maiores at quis.','2014-08-21 10:28:09','1978-05-29 04:44:42',NULL),(13,42,51,'Molestias accusantium et et tempore.','1988-11-10 19:05:41','2011-03-17 18:52:37',15),(14,55,99,'At soluta quidem distinctio quis commodi rerum.','2013-01-27 07:29:05',NULL,NULL),(15,10,32,'Delectus vel nobis quia iusto et est eos.','2009-03-07 02:32:50',NULL,17),(16,5,57,'Aspernatur et sint quia pariatur sed.','1985-04-15 15:37:57',NULL,NULL),(17,86,4,'Aut esse mollitia et quas architecto quibusdam.','1982-03-13 09:25:53',NULL,8),(18,7,12,'Cumque amet quo enim velit velit ad eveniet.','1998-07-01 23:24:24',NULL,NULL),(19,2,56,'Veritatis commodi dolores dolores cumque sapiente ab.','1975-04-20 10:50:35','1984-09-07 21:57:06',12),(20,20,30,'Doloribus repudiandae voluptas repellendus non.','2016-11-02 15:21:39','1997-09-05 19:30:15',NULL),(21,38,62,'Ut tempora dolorem voluptates reiciendis laborum rerum.','1970-04-25 16:54:55','2016-02-22 10:12:17',24),(22,16,15,'Officia aut doloribus quae porro consequatur et placeat.','1979-11-28 14:30:09','2007-08-28 07:59:47',NULL),(23,2,56,'Consectetur et ut ut nemo ullam et ea.','1985-05-26 20:28:39','1992-04-17 12:28:14',25),(24,16,11,'Neque nemo amet aut pariatur iste quis doloremque.','2021-01-23 20:47:58','1997-03-20 00:51:27',NULL),(25,58,20,'Quam autem ut facere non incidunt ut nihil.','2015-08-14 19:46:22','1983-11-14 03:11:04',55),(26,74,24,'Deserunt soluta ullam doloremque veritatis totam facilis.','2013-09-26 06:36:58','2010-02-14 09:08:18',NULL),(27,68,10,'Eum quis eos beatae exercitationem.','2016-09-24 01:52:39','2006-09-06 05:07:57',15),(28,76,16,'Consequuntur voluptatum natus deserunt exercitationem amet et.','2005-10-08 17:33:06',NULL,NULL),(29,71,18,'Aliquam vero sapiente amet voluptatem quia laboriosam officia.','1979-10-12 15:00:38',NULL,82),(30,82,37,'Ut occaecati quas quos nihil necessitatibus neque amet.','2019-03-06 11:16:41',NULL,NULL),(31,89,74,'Necessitatibus sit ducimus alias doloribus.','2002-04-29 19:08:02',NULL,73),(32,13,89,'Necessitatibus quaerat repudiandae architecto.','1979-09-19 23:25:54','2016-11-08 19:12:31',NULL),(33,87,91,'Accusantium dolores illo est officia consequatur.','1985-09-06 13:31:22',NULL,42),(34,11,6,'Odio laboriosam cumque eaque.','1980-10-16 14:00:27',NULL,NULL),(35,35,64,'Doloribus dolor nulla ut.','1994-05-27 04:49:50',NULL,72),(36,89,38,'Aut nobis totam animi eius ducimus.','2020-03-29 13:20:07',NULL,NULL),(37,100,5,'Voluptas perferendis doloribus eum voluptatem.','1979-03-06 17:08:12','1992-08-03 01:33:59',4),(38,14,81,'Rerum repellendus ut id excepturi maiores asperiores.','2010-03-30 22:57:51',NULL,NULL),(39,40,51,'Est dolores expedita autem sit sint.','2003-03-05 10:26:21',NULL,37),(40,22,33,'Eos officia aut blanditiis commodi et.','1992-12-06 23:53:27','2009-05-03 14:16:20',NULL),(41,32,22,'Sit aut nobis omnis velit.','2006-10-01 05:01:13','1983-01-07 16:35:26',48),(42,4,34,'Et omnis quidem illo pariatur optio quidem impedit sunt.','1985-04-12 21:18:46','2019-12-10 05:27:08',NULL),(43,90,21,'Aliquid blanditiis et qui distinctio rerum.','2001-11-09 15:23:28','2003-11-08 14:43:45',27),(44,32,32,'Dolores dignissimos culpa voluptatem eaque.','2005-06-27 04:29:07','2015-10-12 23:39:26',NULL),(45,84,66,'Non eaque vero rerum fugit perferendis eaque quisquam.','1996-08-31 22:25:18','2017-09-24 15:57:12',96),(46,56,54,'Ut quidem soluta tenetur rerum.','1971-09-26 07:51:20',NULL,NULL),(47,50,53,'Possimus iusto placeat minus nobis necessitatibus voluptatem neque.','2018-10-30 14:51:06','2013-06-11 20:39:26',38),(48,54,67,'A ut eos accusamus.','2005-04-27 09:37:46','2004-07-01 10:21:03',NULL),(49,74,7,'Sint incidunt optio aut sed perferendis.','2005-03-15 03:31:00','1986-08-13 23:53:38',69),(50,11,28,'A rem nemo repellat totam praesentium.','1981-05-28 17:15:06',NULL,NULL),(51,84,60,'Placeat sint voluptas voluptas omnis eveniet et.','2008-05-09 02:27:47','1999-04-24 05:35:42',23),(52,32,64,'Facilis magni ex id ea.','2006-12-17 20:41:01',NULL,NULL),(53,68,54,'Repudiandae molestiae cumque veniam hic assumenda ratione.','2016-12-19 15:29:28','1971-01-14 00:11:00',77),(54,95,86,'Quia facere quam voluptas repudiandae ex.','1979-01-07 02:59:33',NULL,NULL),(55,28,70,'Laborum beatae exercitationem recusandae atque.','1997-12-06 23:40:58','2011-07-11 20:46:13',73),(56,24,25,'Voluptate omnis et mollitia consectetur ab mollitia.','2006-05-29 10:13:37',NULL,NULL),(57,56,74,'Ratione sint consequatur consectetur vel dolorum.','1994-09-30 04:59:35',NULL,80),(58,94,28,'Suscipit fuga id numquam.','1971-09-07 18:47:21','1988-11-21 06:21:06',NULL),(59,12,2,'Velit qui sint voluptates ullam harum.','1985-09-26 01:57:24',NULL,53),(60,81,12,'Sequi voluptas sint vitae est sint fugiat quasi.','1978-07-29 12:43:59',NULL,NULL),(61,82,96,'Laudantium laudantium nulla eum saepe vel.','1988-04-26 18:53:05','1988-11-10 11:09:30',40),(62,4,27,'Quis voluptatibus necessitatibus velit sit.','1989-04-05 11:52:30','2000-10-04 00:53:03',NULL),(63,60,95,'Repudiandae voluptate non et expedita nostrum.','1974-03-15 08:33:17',NULL,56),(64,36,90,'Dolorem facere illum ea non vero pariatur quidem.','2020-05-23 05:27:09',NULL,NULL),(65,43,17,'At enim explicabo quae consequuntur.','1970-02-19 19:45:31',NULL,10),(66,15,40,'Officia sit saepe laboriosam est et iste.','1975-06-05 05:15:20',NULL,NULL),(67,42,96,'Non accusantium doloribus ipsa.','2001-08-13 00:22:41',NULL,8),(68,21,89,'Fugiat consectetur accusamus tempora nulla aut.','2019-05-01 16:01:26','1998-10-05 17:30:22',NULL),(69,67,1,'Quia explicabo doloribus itaque earum laborum ut enim.','1998-03-04 14:21:04',NULL,37),(70,19,81,'Veritatis nisi quos exercitationem numquam qui.','2011-11-07 22:58:45',NULL,NULL),(71,99,62,'Et alias nemo veniam atque.','2017-06-28 11:59:56',NULL,44),(72,38,65,'Explicabo nihil ipsum error non itaque eligendi quasi commodi.','1998-07-06 23:52:40','1990-04-24 04:03:41',NULL),(73,41,24,'Reiciendis eos quia non non sint sit quibusdam.','2008-08-07 14:08:59','1994-01-17 19:20:31',65),(74,96,60,'Impedit ea soluta omnis consequatur maxime laudantium nisi.','1984-10-11 20:21:33','1970-04-03 09:42:51',NULL),(75,37,2,'Iste beatae aspernatur eum rem eum corporis veritatis.','1987-10-18 04:49:41',NULL,71),(76,46,17,'Ipsa ducimus beatae ducimus.','2009-05-11 07:50:53','2018-02-24 11:32:05',NULL),(77,80,58,'Excepturi dolorem dignissimos molestiae sed.','1989-09-11 16:18:01','1972-03-17 16:08:44',5),(78,88,79,'Nobis id nisi in delectus et corporis et.','1981-12-16 07:45:32','2004-08-28 15:44:57',NULL),(79,23,45,'Voluptatum est dolorem ab totam maiores id et occaecati.','1982-01-25 13:04:04',NULL,95),(80,59,63,'Est quia sequi voluptatem cumque.','1995-09-03 04:31:02',NULL,NULL),(81,7,62,'Ullam quia nihil sed aut.','2007-10-13 21:02:05','2010-12-10 07:17:41',36),(82,50,99,'Nesciunt omnis aut nobis quisquam consectetur quisquam.','1991-07-17 16:23:03','1980-06-19 14:28:54',NULL),(83,20,39,'Necessitatibus id voluptatem voluptatem deleniti corporis nulla.','2002-07-20 02:30:53','1995-06-03 12:32:44',25),(84,85,35,'Beatae laboriosam officia culpa porro veritatis sint deserunt nesciunt.','2001-11-30 19:07:04',NULL,NULL),(85,38,71,'Veritatis optio quos esse laboriosam minus.','2002-08-27 17:30:52',NULL,86),(86,9,17,'Ea eius quo quis fugit aliquid ex in.','2005-02-17 13:39:34',NULL,NULL),(87,18,97,'Et soluta sapiente quos ut.','2011-07-20 10:52:33','1985-03-05 07:18:22',61),(88,23,84,'Est earum blanditiis nemo nostrum soluta et ex.','2005-10-12 10:31:43','1988-06-14 22:48:33',NULL),(89,17,6,'Aliquam aspernatur assumenda pariatur quibusdam.','2019-06-24 10:30:23','2017-03-25 13:53:14',83),(90,11,65,'Aliquid doloremque neque aut autem.','1976-06-27 05:55:36','1973-11-16 13:39:30',NULL),(91,85,72,'Quasi voluptatem labore voluptates id quo ullam.','1976-09-24 04:04:19',NULL,7),(92,21,22,'Enim sunt ea reprehenderit alias ut a.','2004-05-10 18:35:10',NULL,NULL),(93,22,41,'Voluptatem quia debitis autem.','1992-12-13 20:16:07','1979-06-26 18:39:14',45),(94,47,25,'Velit necessitatibus ea qui et quos autem nam.','2005-02-03 16:24:14','1984-03-12 18:32:21',NULL),(95,31,63,'Et alias inventore dignissimos.','2006-01-07 12:49:19','2019-03-03 16:12:47',50),(96,17,71,'Et et non ipsum praesentium dolores sint illum accusamus.','1979-04-02 20:32:47','2002-05-05 20:17:43',NULL),(97,19,89,'Cumque sed quia accusantium et voluptas similique.','2020-04-12 08:55:15','1996-12-08 10:57:37',63),(98,79,11,'Dignissimos nesciunt rerum quisquam deserunt.','2013-12-06 18:48:38',NULL,NULL),(99,18,28,'Numquam ullam ullam qui voluptatum aut.','1983-09-23 13:49:02','2011-01-18 08:20:34',52),(100,100,38,'Autem mollitia similique sed tempore optio perferendis.','2001-01-06 02:17:08','1997-03-11 13:19:33',NULL);
/*!40000 ALTER TABLE `messages` ENABLE KEYS */;
UNLOCK TABLES;

--
-- Table structure for table `posts`
--

DROP TABLE IF EXISTS `posts`;
/*!40101 SET @saved_cs_client     = @@character_set_client */;
/*!50503 SET character_set_client = utf8mb4 */;
CREATE TABLE `posts` (
  `id` int unsigned NOT NULL AUTO_INCREMENT,
  `posts_id` int unsigned DEFAULT NULL,
  `users_id` int unsigned NOT NULL,
  `communities_id` int unsigned DEFAULT NULL,
  `text` text CHARACTER SET utf8mb4 COLLATE utf8mb4_unicode_ci,
  `media_id` int unsigned DEFAULT NULL,
  `created_at` datetime NOT NULL DEFAULT CURRENT_TIMESTAMP,
  PRIMARY KEY (`id`),
  KEY `fk_posts_users1_idx` (`users_id`),
  KEY `fk_posts_communities1_idx` (`communities_id`),
  KEY `fk_posts_media1_idx` (`media_id`),
  KEY `fk_posts_posts1_idx` (`posts_id`),
  CONSTRAINT `fk_posts_communities1` FOREIGN KEY (`communities_id`) REFERENCES `communities` (`id`),
  CONSTRAINT `fk_posts_media1` FOREIGN KEY (`media_id`) REFERENCES `media` (`id`),
  CONSTRAINT `fk_posts_posts1` FOREIGN KEY (`posts_id`) REFERENCES `posts` (`id`),
  CONSTRAINT `fk_posts_users1` FOREIGN KEY (`users_id`) REFERENCES `users` (`id`)
) ENGINE=InnoDB AUTO_INCREMENT=101 DEFAULT CHARSET=utf8mb4 COLLATE=utf8mb4_unicode_ci;
/*!40101 SET character_set_client = @saved_cs_client */;

--
-- Dumping data for table `posts`
--

LOCK TABLES `posts` WRITE;
/*!40000 ALTER TABLE `posts` DISABLE KEYS */;
INSERT INTO `posts` VALUES (1,NULL,36,8,'Harum harum atque qui. Dolorem veniam impedit deleniti magni eum repudiandae et. Ut doloribus itaque quia quia. Qui et error cupiditate molestias voluptatem laudantium.',NULL,'1980-08-03 00:40:47'),(2,NULL,25,5,'Et nulla aspernatur omnis sint. Ratione fugiat id quam in temporibus laboriosam. Cumque ex omnis in officia similique qui.',NULL,'2002-03-04 01:54:43'),(3,NULL,48,NULL,'Sapiente voluptates provident dolores voluptatum. Omnis voluptatum magnam tenetur quaerat sequi voluptatem. Est et iure delectus sint autem. Dignissimos qui sint ratione.',66,'1982-07-05 12:55:13'),(4,NULL,98,9,'Quia maxime ratione ut deserunt consequuntur alias. Amet qui nemo ullam.',NULL,'1984-11-21 00:22:00'),(5,NULL,70,4,'Quia et voluptate dignissimos molestiae. Recusandae voluptates explicabo aperiam vel laborum.',NULL,'1974-07-16 18:02:37'),(6,NULL,14,NULL,'Officia autem minus adipisci rerum eos nobis et. Perferendis laudantium saepe labore inventore enim et. Fugit provident enim ea amet dolore. Quidem voluptate voluptatem blanditiis quam occaecati.',24,'2017-10-15 10:18:50'),(7,NULL,88,2,'Eum dolores perferendis doloremque atque vel facilis. Eos et unde quidem quisquam. Vel necessitatibus voluptas vero.',NULL,'2002-10-29 11:16:41'),(8,NULL,77,3,'Quod consequatur et cumque soluta aut nisi. Voluptatibus natus ut alias minima quis dignissimos. Atque ut debitis ipsa at in nihil eum sit. Nihil expedita adipisci nemo voluptatibus excepturi.',NULL,'2017-08-14 00:52:52'),(9,NULL,96,NULL,'Et exercitationem quidem porro corporis aspernatur. Non eum voluptatem et veritatis sit velit aspernatur. Atque numquam debitis voluptatem delectus.',2,'1993-06-17 13:52:51'),(10,NULL,93,3,'Est delectus nemo aut qui totam. Sint sapiente ut ut aspernatur ut consequatur aut fuga. Quae quam suscipit dignissimos.',NULL,'1997-02-22 23:33:29'),(11,NULL,46,7,'A accusantium minus ipsa et rerum fugiat. Accusamus eos aut mollitia aut.\nIpsam voluptatum illum sit nisi. Deleniti accusamus et cumque facere.',NULL,'1998-07-17 17:04:53'),(12,NULL,97,NULL,'Molestias quaerat maxime qui ad iste repellendus aut quaerat. Aut voluptates eum aut nobis maxime nihil. Aut totam illum ad numquam. Expedita dicta dolore voluptas eaque et error aut.',21,'1999-07-15 03:48:16'),(13,NULL,65,4,'Similique ut sed quo quia nostrum. Ab culpa sapiente amet molestias officiis quod. Nam velit ullam atque quidem soluta aspernatur. Reiciendis magni aut aperiam modi aut.',NULL,'2018-07-08 12:34:37'),(14,NULL,31,4,'Tempora porro nesciunt officia reprehenderit. Veniam error exercitationem ex laboriosam omnis possimus in.',NULL,'2002-07-24 06:21:59'),(15,NULL,38,NULL,'Nam ut in consectetur omnis adipisci dolores et. Sed quis voluptatem sint et non optio alias. Odio voluptatem accusantium totam delectus et. Maxime asperiores vitae quidem deleniti quia ut.',24,'2013-08-17 10:43:09'),(16,NULL,42,2,'In perferendis tempore facere dicta. Voluptatem molestias omnis dolore et aperiam id. Aut a ad occaecati nesciunt.\nSuscipit rem est odit labore. Labore nihil quo vero omnis.',NULL,'1990-03-02 02:13:06'),(17,NULL,65,1,'Voluptates iure distinctio magni temporibus id. Dolor impedit perferendis aut tenetur non qui animi numquam.',NULL,'1974-01-04 17:59:24'),(18,NULL,4,NULL,'Ea distinctio minima fuga minima et ab quas. Qui vel autem laborum reiciendis recusandae. Eos aliquid nostrum provident optio labore ratione.',37,'1993-11-17 21:27:41'),(19,NULL,85,8,'Possimus optio est quisquam tempore omnis numquam. Maxime enim omnis dolores inventore quisquam. Non ab omnis est minima odio.\nAb esse incidunt aut quos. Minus et voluptatem eum ut.',NULL,'2010-01-28 10:09:11'),(20,NULL,87,7,'Harum vero voluptatibus quas. Voluptatem officiis sint aut. Blanditiis mollitia sit officia omnis ea magnam. Vel corporis laboriosam eaque aperiam necessitatibus consectetur ut.',NULL,'1980-11-01 14:14:00'),(21,NULL,89,NULL,'Suscipit autem placeat quis nobis vero. Excepturi maiores laboriosam a sunt pariatur perspiciatis. Quia sequi officiis totam error esse. Excepturi qui nihil ad aspernatur aut.',42,'1997-03-03 19:44:56'),(22,NULL,66,2,'Id ullam omnis dolorem quia. Non at esse tenetur ab autem.',NULL,'2014-10-14 18:50:14'),(23,NULL,86,8,'Officia ut labore non labore. Dolor soluta rerum maxime vel omnis fugit veritatis eveniet. Et provident doloremque exercitationem quidem.',NULL,'1976-06-22 03:30:15'),(24,NULL,89,NULL,'Iure eaque rem assumenda nesciunt dolorem sed consequatur recusandae. Quia est aliquam aperiam quia reprehenderit. Dolorem est accusamus veniam laboriosam pariatur a.',100,'1971-01-06 06:44:51'),(25,NULL,76,5,'Ut ipsum quia eveniet totam nostrum dolores rem. Velit quia temporibus optio ipsa sit laudantium.',NULL,'1975-11-16 04:43:42'),(26,NULL,100,9,'Dolore vero cumque magnam expedita et veniam numquam. Dolores officia aut aliquam hic occaecati reprehenderit aspernatur facilis. Doloremque iusto quod laborum aliquid animi reprehenderit.',NULL,'1992-06-22 17:45:58'),(27,NULL,3,NULL,'Animi accusamus omnis saepe occaecati. Itaque voluptas ea tenetur facere voluptatibus velit. Velit assumenda molestiae dolores numquam aut sed delectus.',24,'2001-06-02 01:03:59'),(28,NULL,18,6,'Est facilis et est occaecati ab perspiciatis sunt. Nulla esse tempore quibusdam non et. Ex qui enim ea qui unde iusto tempora. Sit commodi dolore accusamus nisi corporis odit sit.',NULL,'1979-12-30 05:33:35'),(29,NULL,54,4,'Ut et omnis veritatis qui assumenda nemo. Non ut provident quia. Sunt quo et sint et. Ab et voluptas adipisci aperiam exercitationem.',NULL,'1979-08-05 16:08:39'),(30,NULL,3,NULL,'Repellat officiis vel sequi voluptatem amet vel quia illo. Libero et qui ut nostrum. Earum aut velit at harum repellat.',49,'2000-07-02 08:09:43'),(31,NULL,80,2,'Accusantium officiis fuga qui modi corporis et. Tenetur soluta sint nobis deserunt consequatur. Adipisci assumenda sunt dolorem neque.',NULL,'1976-09-21 22:13:40'),(32,NULL,22,8,'Voluptatibus illum eaque ut ab adipisci animi. Veniam quaerat ad similique. Cupiditate tempore voluptate atque ea qui. Eveniet ea eveniet consectetur consequatur.',NULL,'2018-04-27 09:25:54'),(33,NULL,53,NULL,'Placeat aliquid non voluptas omnis. Sit fugit ea autem ea occaecati. Praesentium ut officia debitis sed recusandae et quam. Dolor voluptatibus repudiandae aut quia blanditiis saepe.',50,'2007-05-09 12:54:10'),(34,NULL,19,6,'Quam qui optio adipisci. Ducimus est et qui veniam ipsam. Reiciendis perspiciatis tempora omnis sapiente. Et dolor ipsam quae aut culpa non sapiente enim.',NULL,'2016-10-16 21:17:35'),(35,NULL,19,4,'Perspiciatis animi velit ut ex. Omnis enim et quod exercitationem minima assumenda enim.',NULL,'1995-01-12 11:03:10'),(36,NULL,22,NULL,'Ut sed saepe quasi. Voluptas tempora delectus eligendi ducimus quaerat. Voluptatum eos assumenda praesentium a omnis nisi.',85,'1975-09-28 21:18:33'),(37,NULL,41,4,'Praesentium laudantium aut sed qui dolor sequi qui. Impedit provident inventore iusto quas neque.',NULL,'2004-10-23 01:57:18'),(38,NULL,64,5,'Nihil occaecati deleniti nostrum est omnis fugiat. Minus molestiae consequatur fuga odio. Placeat asperiores occaecati consequatur et qui corrupti.',NULL,'2003-02-27 12:20:55'),(39,NULL,67,NULL,'Est nobis hic cum ea voluptas adipisci. Aut id molestiae eligendi quam commodi dolores numquam et. Reprehenderit est rerum sit magni. Consectetur dolore consequuntur ad ut.',28,'1987-01-29 14:19:13'),(40,NULL,47,1,'Accusamus illum suscipit mollitia est non ut veritatis. At nisi id nobis ullam dignissimos. Consequatur non ut eum quod rem quo.',NULL,'1990-08-28 08:48:50'),(41,NULL,95,9,'Exercitationem quia sunt veniam modi. Quidem consequatur consequatur illo dolor eos maxime. Delectus excepturi qui iusto eos sunt velit. Labore est ea eum dicta enim qui sit.',NULL,'1990-08-16 22:59:08'),(42,NULL,58,NULL,'Pariatur aut libero aliquid non. Ut tenetur voluptatem ipsam temporibus culpa cupiditate sapiente. Et tempore eum beatae consequatur veniam. Aut unde repellat ut suscipit porro non nesciunt.',47,'1979-03-09 13:54:15'),(43,NULL,31,6,'Numquam impedit quod aut amet. Ut quos deserunt et quo qui quisquam. Sapiente commodi magni et veritatis et qui consequuntur.',NULL,'2007-09-05 17:02:05'),(44,NULL,81,8,'Minus consequatur accusantium qui sint veritatis. Eligendi consequuntur consequuntur doloremque sunt. Et odit odit nobis dolor quod. Tempore facere vero qui veritatis.',NULL,'1992-05-17 23:29:29'),(45,NULL,37,NULL,'Perspiciatis suscipit asperiores illum iste reprehenderit. Quis architecto rem dicta saepe nemo. Quaerat corporis aut minima modi fugit. Sit iusto ab rerum eligendi quia.',96,'1981-03-09 03:00:54'),(46,NULL,37,2,'Architecto quae minima quisquam blanditiis. Et aspernatur sint tempora voluptatum aut dolor id. Assumenda ex sapiente cupiditate quia distinctio quod numquam nihil.',NULL,'1994-02-04 01:03:17'),(47,NULL,22,6,'Rerum tempore enim sit ipsum est. Voluptatem iste officiis et possimus sint. Maxime harum ut architecto id. Excepturi sit sit dolor cumque.',NULL,'1981-11-19 22:30:37'),(48,NULL,57,NULL,'Quis vitae rerum sed est aut et. Et autem ut occaecati modi. Rerum et cupiditate non nobis accusantium debitis enim occaecati.\nVoluptas repellendus quisquam et. Doloribus accusantium ullam dolores.',6,'1975-01-04 15:11:59'),(49,NULL,45,9,'Illum sunt quis error doloribus perferendis ut amet. Similique at quia veritatis eveniet dignissimos tenetur sed. Et pariatur a voluptates temporibus consectetur.',NULL,'1978-03-19 12:06:29'),(50,NULL,72,4,'Quod provident tenetur sunt id. Impedit assumenda qui autem excepturi.',NULL,'2002-02-02 15:45:04'),(51,NULL,25,NULL,'Itaque quia dolor nisi est earum. Officiis cum natus necessitatibus cum esse qui ut. Esse veritatis quam eum quam et.',97,'1994-06-07 16:37:21'),(52,NULL,91,9,'In quod velit quae. Ducimus nostrum et quos quos iure atque. Repellendus expedita asperiores adipisci nisi sunt. Quo non vero eos ut.',NULL,'1991-06-02 18:45:36'),(53,NULL,37,2,'Nostrum et iure laudantium nulla eos et rerum. Ex ut quis quam ut velit impedit. Molestiae qui maiores quasi et rerum porro. Non architecto soluta assumenda qui neque animi.',NULL,'2007-07-29 03:16:43'),(54,NULL,49,NULL,'Libero error et nisi dolor est. Libero commodi dolorem veniam nam. Mollitia nulla porro aspernatur doloribus possimus.',36,'1974-12-17 13:57:43'),(55,NULL,15,4,'Consequatur aut eum sit et. Necessitatibus porro velit at. Eos quia nulla rem dolorem amet.',NULL,'2002-04-16 20:41:25'),(56,NULL,11,7,'Rerum est eos accusamus nam nostrum repellendus pariatur ipsum. Quas velit reiciendis ullam placeat blanditiis inventore. Consectetur voluptatem deleniti sed animi quia repellendus.',NULL,'1990-09-02 07:45:21'),(57,NULL,36,NULL,'In eos maxime dolorum illo. Quo dicta doloribus quia ipsam. Ea maiores eos sit eum.',1,'2015-12-22 14:45:11'),(58,NULL,93,5,'Id magni ex et exercitationem quam. Eos dolorum autem neque sed excepturi ut. Dicta quibusdam quaerat et earum sequi.',NULL,'2001-07-06 10:44:20'),(59,NULL,99,10,'Nesciunt consequatur autem numquam ratione dolore vel in. Qui sapiente pariatur quasi dolor. Modi voluptatem similique dolorem consequuntur aut eum et. Incidunt esse reprehenderit cumque laboriosam.',NULL,'2017-12-27 18:10:00'),(60,NULL,7,NULL,'In optio aliquam enim. Voluptas ut est ratione non. Veritatis possimus hic repellat sit.\nVoluptate voluptatibus est autem odit voluptates. Nulla consectetur vitae maiores velit sed quidem nostrum.',37,'1999-07-31 11:25:18'),(61,NULL,19,9,'Qui quaerat architecto impedit sit repudiandae tempora accusamus tempore. Sunt est sit quos iste aut minima dolor ad. Iure quis et nihil quam. Nemo perspiciatis aut et dicta aut.',NULL,'1986-02-06 07:03:39'),(62,NULL,15,8,'Cum distinctio expedita molestias asperiores recusandae odio. Quasi mollitia numquam dolor sequi. Ut accusantium eum amet natus. Repudiandae dignissimos quia dolorum.',NULL,'1997-11-17 09:37:19'),(63,NULL,17,NULL,'Iste repudiandae omnis quis consequuntur. Ut reprehenderit excepturi et ut praesentium vero. Odit commodi impedit beatae reiciendis earum qui sit.',62,'1989-02-28 03:06:48'),(64,NULL,76,7,'Sed dolores neque nisi illum quae. Cumque numquam voluptatem quia aliquid voluptas occaecati quia sit. Magni ipsum iure repudiandae laboriosam distinctio omnis.',NULL,'2013-07-03 19:28:34'),(65,NULL,12,8,'Est dolores qui rem vel. Sequi est sint accusamus aut in nemo veritatis maiores. Nam atque velit voluptas voluptatem qui. Reprehenderit omnis accusamus qui.',NULL,'1977-04-05 20:28:50'),(66,NULL,42,NULL,'Laboriosam mollitia odit placeat. Perferendis consequatur magnam incidunt qui fugiat. Voluptatum nihil aut qui sequi. Iure dolor cumque perspiciatis voluptatem.',56,'1990-05-05 12:59:30'),(67,NULL,87,3,'Nobis odio distinctio architecto omnis quae aut. Libero voluptatem molestiae reiciendis quaerat et adipisci. Recusandae enim officia magnam assumenda.',NULL,'2019-12-10 14:47:52'),(68,NULL,87,2,'Ipsum rerum quo dolorum et consequuntur. Impedit alias voluptate corporis libero doloremque quia voluptatem. Beatae voluptatum doloremque aut in accusantium ratione cumque illo.',NULL,'1970-07-14 04:19:41'),(69,NULL,7,NULL,'Commodi quia fugit eum adipisci commodi molestias quia. Sed quam accusantium ipsa vel consequuntur dolorem. Est qui autem tempore vel nihil facilis. Minus saepe molestiae quia consequuntur similique.',81,'2003-02-25 23:20:01'),(70,NULL,12,2,'Enim cumque nobis ea enim quod vel. Deserunt et nisi aut molestiae. Praesentium minus corporis omnis dolores molestiae. Eos quia sint modi ea. Non in ducimus mollitia iste.',NULL,'1976-12-09 16:10:09'),(71,NULL,49,4,'Perspiciatis nihil dolorem omnis repellendus a exercitationem. Quisquam cupiditate maxime aut ipsum praesentium.',NULL,'1980-05-09 05:07:52'),(72,NULL,12,NULL,'Quia veritatis a cumque reprehenderit illo facilis et. Molestiae rerum iste tempore et. Voluptate est eligendi ad inventore qui voluptatem neque. Labore nostrum explicabo unde ipsa.',7,'1974-02-28 21:39:54'),(73,NULL,59,7,'Autem dolorem quaerat illum et architecto non. Quibusdam saepe quia et. Autem nihil porro modi blanditiis. Asperiores incidunt beatae ut magni.',NULL,'1979-01-27 05:49:57'),(74,NULL,20,5,'Placeat praesentium eos exercitationem. Et voluptas voluptatem labore non. Voluptatum nemo sit molestias sed aut.',NULL,'2000-08-15 16:54:19'),(75,NULL,76,NULL,'Ut libero tempora et dolorum eum nulla officiis sed. Adipisci quo vel architecto harum voluptas. Ratione harum et quasi nemo. In rerum harum dolor fugiat animi.',58,'1973-12-23 12:43:52'),(76,NULL,64,10,'Quo atque natus aut maxime in cumque. Enim vitae aut est quisquam magnam. Aut commodi minus sed. Et quidem molestiae aut et non molestiae.',NULL,'2011-10-24 09:18:11'),(77,NULL,20,9,'Quia voluptate aut et sit consequuntur sed. Ut quo sed natus cum. Reiciendis culpa quas architecto aut deserunt.',NULL,'2015-07-24 02:59:35'),(78,NULL,65,NULL,'Facilis tempora voluptate praesentium voluptas. Omnis tenetur est aut facere minus magnam. Dolores error omnis et iste omnis cupiditate est dolores. Tenetur ex laborum enim suscipit.',81,'2016-10-27 20:34:01'),(79,NULL,56,8,'Explicabo debitis libero quasi earum et qui vel. Fuga ut non corrupti eaque. Iste eligendi excepturi soluta non. Voluptatum voluptate nobis totam sit labore id dolore.',NULL,'1972-06-24 23:46:58'),(80,NULL,37,9,'Voluptatibus est dolorem harum dicta assumenda. Excepturi est et harum inventore dolores est consequuntur. Quas porro non voluptates possimus.',NULL,'2008-06-15 08:44:17'),(81,NULL,80,NULL,'Magni quia ipsam dolores eveniet molestias. Eveniet aut officiis nam nisi id est in. Dicta ad autem vel veritatis sint. Excepturi officiis doloribus ut et.',52,'2001-11-12 01:04:34'),(82,NULL,10,5,'Delectus quidem assumenda fuga. Itaque sit quas quia inventore vero. Itaque vel eos recusandae quae ad explicabo cumque. Quia cupiditate culpa temporibus tenetur dolores.',NULL,'1980-06-20 00:29:09'),(83,NULL,16,1,'Harum libero sint necessitatibus harum. Ipsum placeat fugiat rerum eius aut. Error quae voluptas et repellendus enim neque quam.',NULL,'2016-08-02 09:18:17'),(84,NULL,36,NULL,'Rerum sint delectus quia. Quidem amet et nam qui. Enim fugit blanditiis nostrum reiciendis eaque.',17,'1984-02-08 05:53:13'),(85,NULL,17,1,'Saepe rem cum cumque velit velit consequuntur et. Corrupti eum vel atque aut qui soluta. Iste soluta velit consequuntur voluptatum reprehenderit quisquam. Et nam doloribus aut at.',NULL,'1971-11-14 20:31:28'),(86,NULL,75,7,'Veritatis cumque nulla est asperiores. Eius totam saepe necessitatibus mollitia tenetur eaque veritatis sit. Quia odio et iure tempora necessitatibus.',NULL,'1980-11-10 03:41:25'),(87,NULL,20,NULL,'Voluptatem et illum nesciunt veniam dolore. Labore cupiditate tenetur cum est. Ad ex possimus ducimus facere nulla mollitia praesentium.',53,'2008-07-16 23:43:34'),(88,NULL,86,5,'Ullam natus ipsa voluptas hic. Ipsa omnis et quaerat nulla nostrum officiis. Eum inventore odio rem hic. Asperiores eum impedit aut aliquam.',NULL,'1990-08-15 13:20:30'),(89,NULL,67,1,'Et aut totam qui quae cum quod. Et tempore ipsam rerum dolorum illo. Officiis tempore illum voluptas quas maxime aliquam provident.',NULL,'1971-06-20 10:13:47'),(90,NULL,61,NULL,'Eius dolorum cum voluptates dicta optio possimus nihil. Doloribus sunt enim itaque qui nobis dolor. Consequatur soluta voluptatibus ut iste suscipit.',88,'2015-06-01 19:48:28'),(91,NULL,74,2,'Eius minus sit inventore illo est. Necessitatibus culpa voluptatem totam et. Nihil et accusantium qui reiciendis. Ab nihil dignissimos dolores recusandae placeat voluptatem quibusdam.',NULL,'2018-04-29 05:17:50'),(92,NULL,25,3,'Aut eum eius maiores quia. Voluptatem culpa aspernatur nostrum.',NULL,'1985-08-14 14:28:43'),(93,NULL,29,NULL,'Ea totam distinctio qui similique atque et. Quia eligendi praesentium illo aut veniam culpa.',79,'2012-09-27 23:18:03'),(94,NULL,1,8,'Ut dolorum id voluptas assumenda sit est reprehenderit. Architecto voluptates a accusamus aut soluta ea commodi. Unde id est commodi libero rerum neque.',NULL,'2006-11-13 04:21:57'),(95,NULL,17,10,'Aut commodi velit molestiae dolorum ullam magnam et. Cupiditate rerum velit ab eligendi. Mollitia vero quam itaque iste debitis ullam quod nobis.',NULL,'1972-08-22 00:49:15'),(96,NULL,90,NULL,'Distinctio quibusdam officiis aspernatur occaecati totam ea. Qui fugiat dolor est harum nemo. Quos ut assumenda qui similique veniam at. Ut quaerat est rem nam ut beatae.',70,'2019-12-29 13:41:11'),(97,NULL,59,9,'Nulla quibusdam similique delectus non animi provident. Quos id expedita harum. Eaque non deleniti id quia. Assumenda officiis eos quam sit qui ut necessitatibus quibusdam.',NULL,'1973-07-24 00:17:39'),(98,NULL,12,8,'Asperiores provident tempore aliquid molestiae. Aliquid tempore consequatur nemo rerum aut repellat. Quisquam explicabo ipsum occaecati est temporibus. Minima dolores voluptatem alias alias.',NULL,'2012-06-03 13:06:32'),(99,NULL,35,NULL,'Enim vel qui eveniet vitae voluptatem quaerat et. Totam ipsa dicta dolorem sint. Fugiat dignissimos eligendi nemo est deleniti. Magni qui rerum aut.',5,'1987-11-09 02:31:44'),(100,NULL,35,1,'Voluptas qui veritatis esse ut voluptas. Praesentium asperiores inventore ut veniam. Corrupti architecto ut natus sequi temporibus commodi. Debitis inventore ab eos atque deserunt.',NULL,'1999-01-08 03:52:15');
/*!40000 ALTER TABLE `posts` ENABLE KEYS */;
UNLOCK TABLES;

--
-- Table structure for table `profiles`
--

DROP TABLE IF EXISTS `profiles`;
/*!40101 SET @saved_cs_client     = @@character_set_client */;
/*!50503 SET character_set_client = utf8mb4 */;
CREATE TABLE `profiles` (
  `users_id` int unsigned NOT NULL,
  `firstname` varchar(145) CHARACTER SET utf8mb4 COLLATE utf8mb4_unicode_ci NOT NULL,
  `lastname` varchar(145) CHARACTER SET utf8mb4 COLLATE utf8mb4_unicode_ci NOT NULL,
  `gender` enum('m','f','x') CHARACTER SET utf8mb4 COLLATE utf8mb4_unicode_ci NOT NULL,
  `birthday` date NOT NULL,
  `address` varchar(245) CHARACTER SET utf8mb4 COLLATE utf8mb4_unicode_ci DEFAULT NULL,
  `created_at` datetime NOT NULL DEFAULT CURRENT_TIMESTAMP,
  `photo_id` int unsigned DEFAULT NULL,
  PRIMARY KEY (`users_id`),
  KEY `fk_profiles_users_idx` (`users_id`),
  KEY `fk_profiles_media1_idx` (`photo_id`),
  CONSTRAINT `fk_profiles_media1` FOREIGN KEY (`photo_id`) REFERENCES `media` (`id`),
  CONSTRAINT `fk_profiles_users` FOREIGN KEY (`users_id`) REFERENCES `users` (`id`)
) ENGINE=InnoDB DEFAULT CHARSET=utf8mb4 COLLATE=utf8mb4_unicode_ci;
/*!40101 SET character_set_client = @saved_cs_client */;

--
-- Dumping data for table `profiles`
--

LOCK TABLES `profiles` WRITE;
/*!40000 ALTER TABLE `profiles` DISABLE KEYS */;
INSERT INTO `profiles` VALUES (1,'Zena','Sawayn','f','2012-12-06','3027 Herzog Trace','1981-10-25 17:50:55',27),(2,'Orpha','Lemke','f','1981-06-05','1952 Thiel Mountain Suite 315','2004-06-25 18:13:11',62),(3,'Eusebio','West','f','2007-12-09','91412 Nadia Islands','2002-03-16 20:32:48',42),(4,'Pearl','Schroeder','m','1993-10-16','316 Greenfelder Square','2011-08-14 16:36:02',76),(5,'Francisca','Morar','m','1999-06-17','016 Kris Via','1988-10-17 00:32:48',86),(6,'Violette','Kulas','m','2018-04-01','7311 Hane Road','1980-09-16 04:34:52',96),(7,'Isaias','Sawayn','m','1977-02-22','7559 Dicki Ford Apt. 800','1988-08-04 06:50:53',76),(8,'Coby','Skiles','f','1997-02-01','72994 Swift Hollow Apt. 449','1978-02-22 14:04:21',13),(9,'Alexandro','Johnson','f','1999-03-17','028 Heller Fort','1991-02-04 05:00:50',42),(10,'Noe','Watsica','f','1975-10-31','862 Caroline Roads','1973-03-03 22:10:11',57),(11,'Gregory','Senger','m','2012-11-28','5472 Delphia Well','1972-10-28 12:29:18',8),(12,'Lizzie','Zemlak','f','2014-12-04','93531 Henriette Streets Apt. 491','1989-06-12 23:41:05',99),(13,'Granville','Schowalter','f','1995-07-06','09303 Kade Port','2012-07-17 19:04:25',59),(14,'Miller','Ferry','m','1985-01-24','1702 Laila Causeway','1983-05-03 11:11:10',16),(15,'Anika','Moore','m','1980-12-13','479 Beahan Crossing Suite 780','1981-02-06 19:54:09',4),(16,'Itzel','Rau','f','1982-02-07','506 Konopelski Trace','2012-12-12 16:01:31',5),(17,'Daisha','White','f','1972-10-11','712 Alexandrea Views Apt. 821','1974-09-25 12:07:28',33),(18,'Humberto','Miller','m','1972-01-18','57345 Spinka Gateway','2011-11-23 01:51:56',99),(19,'Cayla','Parisian','m','2010-02-27','69152 Freida Ford Suite 617','2016-01-19 03:23:27',4),(20,'Ethan','Thiel','m','1989-05-14','294 Waters Stravenue','1994-12-13 23:23:07',42),(21,'Halle','Stracke','m','2020-06-18','1628 Luis Groves','2016-05-08 03:26:17',36),(22,'Donavon','Crist','m','2019-01-05','152 Bahringer Falls Suite 272','1992-12-16 09:01:09',29),(23,'Dan','Lueilwitz','m','1998-06-26','38186 Zboncak Loop Apt. 833','1979-08-27 10:42:34',37),(24,'Diego','Larkin','f','2005-03-21','5780 Rosenbaum Crescent','2019-06-20 14:35:16',8),(25,'Emilia','Barrows','m','1996-06-29','20005 Gaylord Hollow Suite 367','1972-10-17 03:04:46',86),(26,'Jerrod','Kshlerin','m','1975-12-15','092 Collier Plains','1981-11-03 23:04:10',36),(27,'Adriana','Bartoletti','m','1983-10-28','81627 Paige Burg','1993-01-24 15:38:07',28),(28,'Zoie','Huels','m','2011-09-01','469 Tre Lights','1996-09-01 14:34:45',67),(29,'Marcus','Greenholt','f','2018-12-27','23823 Mayert Mountain Apt. 668','2004-02-20 09:28:04',97),(30,'Richmond','Morissette','m','1972-06-22','458 Archibald Expressway Suite 765','2015-10-26 22:54:58',6),(31,'Mathew','Cole','f','1996-05-07','296 Beatty Fords','2013-01-11 00:36:46',23),(32,'Katlynn','Christiansen','m','2015-12-06','221 Abigail Ridge','2012-06-24 07:43:13',23),(33,'Maria','Kuhic','m','1997-08-25','1505 Cormier Ports Suite 242','2015-04-28 04:51:58',67),(34,'Mckayla','Oberbrunner','m','1983-04-10','205 Hauck Streets Apt. 853','1973-07-09 04:12:43',65),(35,'Coby','Fay','f','2017-11-12','70019 Candace Terrace','1986-01-19 17:19:16',99),(36,'Jordan','Luettgen','m','2015-08-10','2323 Rachel Pines Suite 642','2005-03-04 21:50:23',53),(37,'Gregory','Bergstrom','f','2012-11-05','7464 Weimann Hills','1974-02-06 18:08:53',61),(38,'Cornell','Torp','m','1977-09-17','5975 Quinn Road','1988-09-26 04:30:46',74),(39,'Mark','Aufderhar','m','1981-09-20','7176 Lambert Tunnel Apt. 372','1997-03-22 16:38:28',66),(40,'Sabryna','Hackett','m','2016-02-24','783 Ledner Islands Apt. 917','1981-11-05 14:41:30',2),(41,'Kennith','Schiller','m','1999-06-25','1495 Samara Islands Suite 011','1994-02-24 16:29:59',30),(42,'Stacey','Wilkinson','m','1974-06-14','86228 Zackary Causeway','1997-10-08 11:20:52',73),(43,'Delia','Hilpert','f','2011-08-26','59885 Flavie Trail Suite 197','1984-03-19 01:03:45',1),(44,'Estrella','Shanahan','f','1988-11-27','206 Jamir Mills','1987-12-01 03:54:49',89),(45,'Glen','Lindgren','f','1977-10-20','400 Prohaska Spring Apt. 485','1983-11-09 03:13:26',89),(46,'Geovanni','Abbott','f','1977-01-16','21166 Eleazar Walks','2013-08-31 13:39:21',5),(47,'Cale','Lang','m','1984-03-25','9107 Koch Mission','1972-10-05 15:09:24',93),(48,'Jayson','Satterfield','m','2002-08-05','70573 Waters Union Apt. 770','1995-05-08 20:55:57',21),(49,'Nia','Denesik','m','1980-08-03','46357 Harold Ports Suite 570','1984-05-29 11:57:21',3),(50,'Johnpaul','Kozey','f','1986-06-06','6991 Jast Manors Apt. 396','2013-07-11 13:01:10',97),(51,'Evangeline','Raynor','m','2005-11-04','7204 Frami Burgs Apt. 540','1973-05-12 05:49:54',62),(52,'Ralph','O\'Keefe','f','1975-08-16','5491 Aric Mountain','2000-01-18 01:15:45',38),(53,'Cleora','Cartwright','m','2007-03-30','32609 Cruickshank Unions','1979-10-02 02:05:29',25),(54,'Deontae','Ledner','f','2014-09-14','43637 Alize Trail Apt. 140','2017-09-26 13:00:09',99),(55,'Tianna','Fisher','m','1986-12-28','52341 Blaze Orchard Apt. 787','1980-02-14 22:03:17',46),(56,'Alan','White','f','1970-06-03','329 Narciso Land','2017-09-30 02:02:12',10),(57,'Viva','Upton','m','2020-04-14','464 Kutch Coves','2000-06-28 08:14:20',34),(58,'Jeanie','Gislason','f','2012-03-12','1665 Kuhn Rapid Apt. 664','1988-06-26 00:19:46',73),(59,'Calista','Hammes','m','2018-11-23','86503 Vandervort Via Apt. 581','2016-09-01 21:02:56',77),(60,'Daryl','Mueller','m','1974-01-07','467 Caesar Ridges Apt. 490','2002-01-21 14:09:18',30),(61,'Dahlia','Stamm','m','1980-12-09','4033 Wilburn Canyon','2001-10-10 16:44:53',79),(62,'Polly','Rogahn','f','1999-03-11','93970 Erdman Landing Suite 846','2019-02-13 08:55:16',100),(63,'Finn','Moen','m','2008-01-05','31316 Molly Way','1972-02-25 23:47:05',53),(64,'Archibald','Christiansen','m','1983-08-04','92946 D\'Amore Center Suite 454','1976-03-16 17:21:35',46),(65,'Luigi','Ferry','f','2011-06-19','274 David Point','2017-05-13 01:04:15',64),(66,'Darrick','Reichel','f','1973-12-03','767 Bahringer Circle','1988-09-24 10:06:37',51),(67,'Jaleel','Hickle','m','2011-06-25','4226 Mayer Vista','1989-12-13 14:43:56',99),(68,'Bette','Trantow','f','2003-12-21','54371 Immanuel Crossing','1986-02-23 19:26:59',25),(69,'Levi','Metz','m','1988-02-01','96852 Stiedemann Expressway Apt. 835','2001-07-25 10:20:42',24),(70,'Dina','Hegmann','f','1980-04-09','6439 Shanahan Vista Suite 263','1978-03-12 19:44:33',64),(71,'Jaron','McGlynn','m','2020-09-21','39925 Willow River','2006-05-23 01:09:24',26),(72,'Brayan','Dicki','f','2002-11-26','8390 Wiza Cliff','2018-08-02 14:28:51',54),(73,'Maximo','Rolfson','m','1985-02-19','765 Daniel Green Apt. 533','2002-07-05 06:20:18',37),(74,'Kristina','Schmidt','f','2010-12-28','562 Devon Mission Apt. 322','1971-11-21 11:12:57',26),(75,'Larissa','Cronin','m','1970-06-28','63293 Hilll Port Apt. 645','2002-03-24 18:33:50',43),(76,'Brandt','Cole','m','1979-02-14','078 Nathen Estate Suite 855','1984-01-19 15:13:43',25),(77,'Craig','Auer','m','1996-03-03','282 Cruickshank Viaduct','1971-09-28 15:57:53',30),(78,'Melvina','Langosh','f','1983-05-06','33661 Zieme Spur Suite 037','1998-04-19 11:18:03',36),(79,'Pearlie','Ledner','m','2000-03-10','45811 Murphy Well','2005-11-18 16:03:12',46),(80,'Kamron','Schoen','m','2000-09-27','49404 Herzog Loaf','1999-12-21 15:13:56',33),(81,'Susana','Daugherty','m','2018-09-01','77621 Gleichner Lake','1973-10-30 01:46:01',32),(82,'Roxanne','Gibson','f','1976-06-19','14012 Cassin Shore','2011-02-22 04:24:48',8),(83,'Kitty','Wisozk','m','2003-09-07','5456 Langworth Meadow','1973-04-30 17:13:56',70),(84,'Evie','Treutel','f','1994-06-19','634 Rudy Light Apt. 089','1999-12-10 06:40:04',57),(85,'Floy','Lynch','f','2009-04-10','302 Beier Forks Apt. 244','2009-02-09 17:09:40',7),(86,'Monty','Romaguera','m','2009-06-15','1987 Zachariah Dam','2014-03-03 15:57:20',15),(87,'Lottie','Watsica','m','1991-07-25','872 Delbert Lake Apt. 568','1996-08-02 23:57:20',67),(88,'Alexane','Davis','f','1991-11-11','503 Dallas Estates Suite 920','2013-09-18 06:28:39',40),(89,'Tristian','Mraz','f','1995-05-13','00396 Rath Mountain','2017-07-15 01:13:41',87),(90,'Armani','Leannon','m','1991-02-07','549 Kamryn Stravenue Suite 619','1994-12-18 23:01:49',44),(91,'Rosemary','Kerluke','f','2019-07-07','005 Simone Circle','1986-08-29 07:36:59',70),(92,'Edward','Ankunding','f','1997-01-29','65894 Jakayla Orchard','2005-02-01 22:40:50',66),(93,'Malachi','Buckridge','m','2015-06-03','162 Macey Prairie','2004-01-07 21:28:42',43),(94,'Jaylen','Cartwright','f','1977-08-12','9363 Blick Coves','2016-07-31 07:46:19',23),(95,'Lura','Hand','f','1978-09-09','02715 Ledner Hollow','1974-08-18 00:09:22',11),(96,'Jayde','Boyle','m','2004-04-06','9262 Davis Path Apt. 615','1972-12-02 19:38:49',7),(97,'Junius','Dickens','f','1989-06-10','504 Ruby Inlet Apt. 677','1977-08-16 16:38:03',73),(98,'Junior','Stokes','m','2000-08-08','73271 Bergnaum Field','2003-07-08 06:00:02',9),(99,'Harvey','O\'Keefe','m','2014-11-07','5790 Hilton Corner','2014-10-04 20:20:37',31),(100,'Natalia','Rosenbaum','f','1987-05-26','4813 D\'Amore Tunnel Apt. 673','2005-07-07 05:17:54',97);
/*!40000 ALTER TABLE `profiles` ENABLE KEYS */;
UNLOCK TABLES;

--
-- Table structure for table `users`
--

DROP TABLE IF EXISTS `users`;
/*!40101 SET @saved_cs_client     = @@character_set_client */;
/*!50503 SET character_set_client = utf8mb4 */;
CREATE TABLE `users` (
  `id` int unsigned NOT NULL AUTO_INCREMENT,
  `email` varchar(145) CHARACTER SET utf8mb4 COLLATE utf8mb4_unicode_ci NOT NULL,
  `phone` bigint NOT NULL,
  `password_hash` char(65) CHARACTER SET utf8mb4 COLLATE utf8mb4_unicode_ci DEFAULT NULL,
  PRIMARY KEY (`id`),
  UNIQUE KEY `email_UNIQUE` (`email`),
  UNIQUE KEY `phone_UNIQUE` (`phone`)
) ENGINE=InnoDB AUTO_INCREMENT=101 DEFAULT CHARSET=utf8mb4 COLLATE=utf8mb4_unicode_ci;
/*!40101 SET character_set_client = @saved_cs_client */;

--
-- Dumping data for table `users`
--

LOCK TABLES `users` WRITE;
/*!40000 ALTER TABLE `users` DISABLE KEYS */;
INSERT INTO `users` VALUES (1,'fstiedemann@example.com',79012833754,'18932650c8c4d720c658b0b56ca9019f731727b8'),(2,'aufderhar.claude@example.net',79982741571,'24459b2d032657a49cbc6152b7f7fdb9ff7dfd7a'),(3,'amely18@example.net',79104786790,'51c081b815f0ea725d7353e277629a60125bb877'),(4,'lhaag@example.org',79000182476,'b72862e665dddccae959737e6823d6dfe0a01f70'),(5,'audra.renner@example.net',79548170856,'b71643ba515dc906fa4bb05afcda9fee09040cf7'),(6,'lindsay41@example.net',79540351736,'2ba8a256e1d5abd691cda1af686c3fe61e30d330'),(7,'unique59@example.net',79291392801,'9e9acb5c7f4262b796a95956fc87c07dfa7b4b88'),(8,'bprosacco@example.com',79042851162,'5557ef1cfad41b2605f43750bf28c640e9008f92'),(9,'kamron50@example.org',79039354245,'e9fd4974e8c65b62944d22f033b02690e24685fc'),(10,'hboehm@example.net',79912039721,'aa5845a485f988d230a8e92a0ee5803eaa73839f'),(11,'qcollier@example.org',79913892923,'95488d58035b0788b1493dcb81a3e4ab2f794ffd'),(12,'ledner.abbigail@example.com',79934944592,'456d5bd47125578286b42d06bba4ae2273767f03'),(13,'chase.bogisich@example.net',79778196712,'09aa1424970c67b49522f2426f3e62c4e0b832cd'),(14,'smante@example.net',79167647213,'d5c8c719422ade942c1831fdb4e49ef314a926bc'),(15,'bosco.max@example.org',79480779259,'49c05ae2c443adebe54c45e603f46af9e211f6d9'),(16,'lindgren.seth@example.net',79150173585,'a6a9f8d7ad763eb5a748db439b827d69fc55b94a'),(17,'bschumm@example.net',79550308698,'494f8f9d70e05c7090f476ec42e2dbb563a3a395'),(18,'jeanette.russel@example.org',79535522309,'059668d8cb46bf928a517b45d5034161ffc6a3d7'),(19,'muriel62@example.com',79324523841,'75c9229243d45a50d6bf67265b304bae8342319d'),(20,'demmerich@example.org',79066864623,'52e71ac43a3051ee6d9775cd9ccecf62301e556c'),(21,'ecartwright@example.org',79996026334,'d56e8a67f7a97fbe6407569c4de5cce9ffd48d75'),(22,'murphy62@example.org',79289874385,'158276e8be722fdc85b5d2669dc95bb832d542a4'),(23,'vjerde@example.org',79403374709,'686276d98e855c65d90c3469ac8c0e7cbbc4edf4'),(24,'grodriguez@example.com',79320335722,'8b04b6090c1816770e834d2fc26863353a00bcee'),(25,'phessel@example.com',79483211026,'1d54b44bd62630d223b0f750e2c221d13adeab1c'),(26,'olin22@example.com',79461147043,'4dc2fb0eb79f692dbf56c162e1c76d46a4817224'),(27,'omoore@example.org',79391834764,'b4728479d2575b1087bfcdd36efcb4c4eca70ff9'),(28,'jluettgen@example.org',79771042529,'731594896938b6796b72437cbfe57857ad3bfad6'),(29,'skshlerin@example.net',79662984096,'c797296b5a714c30b6a005fe76418962c0bc4913'),(30,'pbergnaum@example.org',79645065097,'ec95589c6b349d53b5180e722e74b0c079e91b76'),(31,'enola74@example.net',79040682541,'e5cfe9a06981660a7b5670857042d1a4c29b3235'),(32,'ghickle@example.net',79759770823,'6f665524dbd40faabcecbca35ea8bc542ebdb30a'),(33,'lilian94@example.net',79676290946,'3f6dda322511e0efa43185dce98c7e48dd7843f2'),(34,'conroy.edwardo@example.org',79975332998,'3661ad38414c3e7df28f9ba50ab3e148ddd56c58'),(35,'zwilderman@example.net',79854186682,'313db27428415c9ce144002175bdbbd8a0160218'),(36,'becker.trevion@example.com',79730120904,'bbdec9b31d262662f71984837311369b5342264a'),(37,'bessie36@example.org',79272126895,'5decf622d72f0d68bfaa1108e1a0a704e7666250'),(38,'krempel@example.net',79188529630,'e8cc410ee689ab3c48b2bc1a9ef6824285233e28'),(39,'vhintz@example.com',79922388312,'044327551832b88ed63e8b5310cb9b61709a2460'),(40,'robin28@example.com',79460030132,'93b036e0dfb4adbcf1789e2ed857587639ea56e8'),(41,'jkilback@example.com',79686057663,'d71f3a1e707bcc70552d70f381296bfb7a81b9a7'),(42,'mitchel83@example.net',79829730264,'cc9620a08b658363d5262125c968f98660c37a5d'),(43,'trisha57@example.org',79746998307,'2f153d0a8ed8d657f94821a7e6b97902e26157b1'),(44,'kelsie58@example.com',79914828864,'118ee82044ccc64c1bca3559958603b5fb947b93'),(45,'christelle.kshlerin@example.net',79097177660,'34913bb01942ff6c4b905eddb7c6e092303b6d57'),(46,'genoveva88@example.org',79685874922,'28427f5d08007ed203a90796d4070b293dffa748'),(47,'shanahan.zander@example.net',79251228160,'cb456d1523c40744c7d94c0e893027bfdde31def'),(48,'zborer@example.org',79971806767,'f6acd3eb52951987c01289f6da3e36eb4d5f4eba'),(49,'rory65@example.com',79829532218,'18e328f15f372afec9db26ddec79cf4ea4c9b76b'),(50,'antonina96@example.com',79328264897,'b4b3a55adb451e60ca70a35dd16bbe3b4b4b4f5f'),(51,'everardo91@example.org',79860687367,'217c8882af6f1c343c69d6ffb0794c33b9e76db2'),(52,'carroll13@example.org',79065777474,'3d0bf39cec7a456c318e34b78902963925bab4ca'),(53,'ikunze@example.net',79906648597,'efc878da24c0b575e00967b807e37b70c6e3e325'),(54,'ad\'amore@example.com',79406393322,'6afae40167a1a1f56daa79e6ef7c75ba52aa7f6c'),(55,'paucek.chaya@example.net',79190626492,'d477cfda2ae8c18f4134fdc5ad9916ab1dd9e873'),(56,'delta.gibson@example.net',79527963968,'75d6adf43c5c5588d0c200d98cb2f8e26e0f0c42'),(57,'godfrey89@example.com',79124782240,'ca898f117bc04b2e66783a2bc3c9662a906a0abe'),(58,'christa.hermann@example.com',79988063522,'a720cd4c223fe937a134f24c793ec31dc1b33c49'),(59,'johanna.stoltenberg@example.org',79597988604,'514f9215d8ae5604d0d259779f78ff0a39c79018'),(60,'roberts.theodora@example.com',79442341236,'5c35c90343da27723ebc0fa3a1411703139eb94e'),(61,'carley.anderson@example.org',79920995353,'3f86904cb722bff583cc38b1ae04ac49cfa44a06'),(62,'orn.raheem@example.net',79251304948,'10ae38b4280422a28757a03a5b4adf1743fe8fd4'),(63,'nlubowitz@example.com',79675318570,'235196a7680c0756b8125242b40f8938e501faad'),(64,'hauck.genoveva@example.net',79874990732,'b0cc0ad47cfaa140e1d2852d1b245be516c8669c'),(65,'schinner.sydney@example.net',79109960674,'b41184f0274eadfcb69bc8aeaa2e28b400f9a579'),(66,'adriana.lynch@example.com',79109528145,'0b41406b3b3d793139ab6d6bd19bb8cc871156a2'),(67,'jefferey58@example.org',79957843329,'43afe1b16fe32c996d6af6aa9bdae1a758d0467e'),(68,'hackett.ebony@example.net',79649108216,'82e5f0a5cb079684718000d0332e1cb352172d74'),(69,'verla.streich@example.net',79399788469,'166e046a9b071c10a48f30f42ac29c8c647a77d3'),(70,'quigley.neha@example.org',79177934431,'235ade49ec9f02bd15e014bd48ed170353a23eea'),(71,'garret.morar@example.net',79874242741,'5e1a6faaa00e0afd204530b1d254952419dded59'),(72,'stanford82@example.com',79628323418,'ee7cfe09a07452260738edcbf2e41d27287ebd77'),(73,'awyman@example.org',79556149346,'89f01ce24ddba9bf493b41e9396074b5dd842d74'),(74,'rowan.corwin@example.net',79333551823,'b35361fb2b44ed5e6923cf4dee9e754d5b0a3fc0'),(75,'antoinette.mayer@example.org',79451620814,'b6473efa23ddd25666a97e5f261ced941a2a800a'),(76,'madalyn.o\'hara@example.org',79766322282,'25271d99dc9737402cebe575f92014b0ee219e53'),(77,'kamille.beatty@example.com',79269721287,'c400de8c628c7db7c1ec63d62a9bc07aa17cf156'),(78,'metz.jarrod@example.com',79187237082,'f324f30a824878d68050a280b5d53168653238bb'),(79,'colin.goldner@example.net',79439572151,'1d9748749fecdb7d9d2fe948448d618d64410592'),(80,'paufderhar@example.org',79418711418,'c1fa27bf25a90fef6c4ee062e227ab3cbe7d5489'),(81,'ullrich.fiona@example.com',79653418676,'6371f3d617402fa8a770053b25b63aa228b4f6a6'),(82,'quincy51@example.net',79877458501,'f1d509913d3d1a174128045b5e93830888280c4d'),(83,'annette53@example.com',79416790283,'42e7dfa8b2375cdb2adb6a5ed62e74a6dc4a4c1a'),(84,'hulda.bode@example.org',79444017001,'606df74365c0749b583653ab88f433256006c48b'),(85,'ssimonis@example.com',79339208380,'864b259ad2a4d369e4ed56a02d76d38892ba7450'),(86,'eula.koch@example.net',79866977024,'15647ef27f852fb5c0fbdb357ba8e7399f090d8e'),(87,'cdietrich@example.com',79430653321,'0d923b6de907859376e712d8ad11c8897848323b'),(88,'zita.rutherford@example.net',79334015380,'f434525f02b11af1f13da6bb048c86ea5f8934d3'),(89,'macejkovic.malinda@example.net',79078249596,'ff5c56a2beb961e77a38f6de26a65896213490af'),(90,'gwill@example.org',79762951406,'fa51b3214f85818a0febe26c0bfb464b59e9108e'),(91,'weston.brekke@example.net',79276104473,'272939c6f9118cb7a9fad923fa02fd116ce9aead'),(92,'santina61@example.net',79723533029,'7cbe7a8eccd3717173407fbc0691c681573231f3'),(93,'rcartwright@example.org',79248708498,'c4feaa3efced4d2c483e01fcf0735dc51b39aeb4'),(94,'yoshiko60@example.com',79212136265,'feb9c902403f97d5588897529019cf4e4b8d5ce4'),(95,'danielle18@example.com',79515735405,'e698f6cab52268964a2035895f33295ae2909e9c'),(96,'kilback.ezequiel@example.net',79498509800,'1ff837ee0733d9e890fa1390fc4d9de452df5159'),(97,'gjast@example.org',79875674663,'69dc3d9660685d7a619df3827341f115474e4b32'),(98,'berneice.pacocha@example.org',79261319907,'2694449092927dac2f28cf57f0064792b1138ebf'),(99,'yolanda.toy@example.com',79778188163,'72783a0429f38db393c587b9af25caa192ad6857'),(100,'wisoky.craig@example.net',79346159102,'f2abdc020a894d37bdef9eec496c17740c25ec58');
/*!40000 ALTER TABLE `users` ENABLE KEYS */;
UNLOCK TABLES;

--
-- Table structure for table `users_communities`
--

DROP TABLE IF EXISTS `users_communities`;
/*!40101 SET @saved_cs_client     = @@character_set_client */;
/*!50503 SET character_set_client = utf8mb4 */;
CREATE TABLE `users_communities` (
  `communities_id` int unsigned NOT NULL,
  `users_id` int unsigned NOT NULL,
  PRIMARY KEY (`communities_id`,`users_id`),
  KEY `fk_users_communities_communities1_idx` (`communities_id`),
  KEY `fk_users_communities_users1_idx` (`users_id`),
  CONSTRAINT `fk_users_communities_communities1` FOREIGN KEY (`communities_id`) REFERENCES `communities` (`id`),
  CONSTRAINT `fk_users_communities_users1` FOREIGN KEY (`users_id`) REFERENCES `users` (`id`)
) ENGINE=InnoDB DEFAULT CHARSET=utf8mb4 COLLATE=utf8mb4_unicode_ci;
/*!40101 SET character_set_client = @saved_cs_client */;

--
-- Dumping data for table `users_communities`
--

LOCK TABLES `users_communities` WRITE;
/*!40000 ALTER TABLE `users_communities` DISABLE KEYS */;
INSERT INTO `users_communities` VALUES (1,10),(1,13),(1,22),(1,25),(1,34),(1,40),(1,57),(1,85),(1,86),(2,13),(2,21),(2,45),(2,53),(2,74),(2,79),(3,1),(3,25),(3,28),(3,35),(3,64),(3,83),(3,99),(4,7),(4,9),(4,23),(4,24),(4,29),(4,32),(4,63),(4,78),(4,89),(4,90),(4,97),(4,98),(5,1),(5,17),(5,41),(5,46),(5,56),(5,62),(5,72),(5,75),(5,86),(5,89),(5,95),(5,98),(6,1),(6,32),(6,38),(6,43),(6,51),(6,52),(6,54),(6,56),(6,77),(6,82),(6,84),(6,91),(6,93),(7,2),(7,41),(7,48),(7,68),(7,71),(7,90),(8,11),(8,20),(8,34),(8,40),(8,81),(8,86),(8,95),(9,2),(9,7),(9,17),(9,28),(9,31),(9,34),(9,42),(9,51),(9,65),(9,66),(9,68),(9,77),(9,91),(10,9),(10,13),(10,20),(10,22),(10,26),(10,37),(10,50),(10,71),(10,98),(10,100);
/*!40000 ALTER TABLE `users_communities` ENABLE KEYS */;
UNLOCK TABLES;

--
-- Dumping routines for database 'vk'
--
/*!40103 SET TIME_ZONE=@OLD_TIME_ZONE */;

/*!40101 SET SQL_MODE=@OLD_SQL_MODE */;
/*!40014 SET FOREIGN_KEY_CHECKS=@OLD_FOREIGN_KEY_CHECKS */;
/*!40014 SET UNIQUE_CHECKS=@OLD_UNIQUE_CHECKS */;
/*!40101 SET CHARACTER_SET_CLIENT=@OLD_CHARACTER_SET_CLIENT */;
/*!40101 SET CHARACTER_SET_RESULTS=@OLD_CHARACTER_SET_RESULTS */;
/*!40101 SET COLLATION_CONNECTION=@OLD_COLLATION_CONNECTION */;
/*!40111 SET SQL_NOTES=@OLD_SQL_NOTES */;

-- Dump completed on 2021-02-03 21:22:22
